sku,batch,expiry_date,stock_type,qty_units,snapshot_date
PH10001,00118545,2029-02-11,Saleable,6128,2026-02-28
PH10002,00280879,2028-02-22,Saleable,299,2026-02-28
PH10002,00229227,2028-06-10,Saleable,60,2026-02-28
PH10002,00278838,2027-06-05,Sample,7,2026-02-28
PH10003,00355153,2026-06-22,Saleable,1550,2026-02-28
PH10003,00395836,2026-08-30,FOC,77,2026-02-28
PH10004,00486720,2028-12-07,Saleable,5039,2026-02-28
PH10004,00411549,2026-06-14,Saleable,4298,2026-02-28
PH10005,00546711,2026-08-10,Saleable,1,2026-02-28
PH10005,00563083,2026-09-25,Saleable,3,2026-02-28
PH10005,00530395,2028-06-15,Saleable,33,2026-02-28
PH10005,00593576,2026-10-17,FOC,1,2026-02-28
PH10006,00670419,2026-06-15,Saleable,233,2026-02-28
PH10006,00626190,2027-11-15,Saleable,8,2026-02-28
PH10007,00771337,2028-04-08,Saleable,4768,2026-02-28
PH10008,00866658,2027-10-20,Saleable,484,2026-02-28
PH10008,00827176,2026-09-06,Saleable,55,2026-02-28
PH10009,00960839,2026-08-06,Saleable,13354,2026-02-28
PH10010,01020797,2026-07-29,Saleable,13371,2026-02-28
PH10010,01098788,2027-05-14,FOC,668,2026-02-28
PH10011,01180325,2026-10-10,Saleable,1209,2026-02-28
PH10011,01156073,2028-02-27,Saleable,561,2026-02-28
PH10011,01173545,2028-06-20,Saleable,1183,2026-02-28
PH10012,01240331,2028-11-11,Saleable,1939,2026-02-28
PH10012,01243722,2026-07-03,Saleable,3524,2026-02-28
PH10012,01289185,2027-03-05,Saleable,935,2026-02-28
PH10013,01312874,2026-12-31,Saleable,133,2026-02-28
PH10013,01339782,2026-11-16,Saleable,194,2026-02-28
PH10013,01314757,2026-05-29,Saleable,113,2026-02-28
PH10013,01397932,2027-11-06,Saleable,462,2026-02-28
PH10013,01374421,2028-09-06,Saleable,14,2026-02-28
PH10013,01345760,2025-08-26,Expired,73,2026-02-28
PH10014,01494518,2026-11-14,Saleable,300,2026-02-28
PH10015,01599636,2028-07-12,Saleable,4172,2026-02-28
PH10016,01629872,2027-09-23,Saleable,820,2026-02-28
PH10016,01640014,2028-04-18,Saleable,189,2026-02-28
PH10017,01749501,2028-01-24,Saleable,4045,2026-02-28
PH10018,01852576,2027-08-01,Saleable,5104,2026-02-28
PH10018,01885324,2027-09-17,Saleable,11249,2026-02-28
PH10019,01933128,2028-04-23,Saleable,3726,2026-02-28
PH10020,02046426,2027-09-25,Saleable,31300,2026-02-28
PH10020,02025224,2025-04-07,Expired,2504,2026-02-28
PH10021,02157690,2028-03-07,Saleable,747,2026-02-28
PH10022,02294665,2028-05-05,Saleable,10094,2026-02-28
PH10022,02294355,2028-08-29,Saleable,28287,2026-02-28
PH10022,02218228,2027-11-26,FOC,1919,2026-02-28
PH10023,02377402,2028-03-12,Saleable,19124,2026-02-28
PH10023,02368230,2028-06-26,Saleable,17531,2026-02-28
PH10024,02483821,2029-02-06,Saleable,1337,2026-02-28
PH10024,02410635,2026-10-29,Saleable,364,2026-02-28
PH10024,02430349,2028-06-07,Saleable,757,2026-02-28
PH10025,02546343,2028-05-31,Saleable,7196,2026-02-28
PH10025,02597730,2028-05-26,Saleable,2727,2026-02-28
PH10026,02672897,2026-07-15,Saleable,1942,2026-02-28
PH10026,02661573,2027-04-08,Saleable,1177,2026-02-28
PH10026,02685838,2028-06-22,Saleable,2420,2026-02-28
PH10026,02621191,2027-08-30,Sample,110,2026-02-28
PH10027,02769882,2028-05-26,Saleable,558,2026-02-28
PH10027,02781728,2026-12-07,FOC,27,2026-02-28
PH10028,02814267,2028-05-22,Saleable,80,2026-02-28
PH10028,02822566,2027-01-01,Saleable,10,2026-02-28
PH10028,02882740,2028-07-22,Saleable,284,2026-02-28
PH10028,02851009,2028-01-13,Saleable,6,2026-02-28
PH10029,02986257,2027-11-19,Saleable,1568,2026-02-28
PH10030,03021002,2026-11-11,Saleable,155,2026-02-28
PH10030,03062791,2027-10-02,Saleable,198,2026-02-28
PH10031,03118120,2027-05-11,Saleable,288,2026-02-28
PH10031,03196802,2028-08-05,Saleable,596,2026-02-28
PH10032,03227303,2027-05-11,Saleable,31808,2026-02-28
PH10032,03291038,2027-09-05,Saleable,8429,2026-02-28
PH10033,03377490,2027-12-11,Saleable,575,2026-02-28
PH10034,03421654,2028-03-03,Saleable,489,2026-02-28
PH10034,03435042,2027-01-14,Saleable,855,2026-02-28
PH10035,03589637,2028-08-23,Saleable,52057,2026-02-28
PH10036,03612184,2028-02-26,Saleable,4088,2026-02-28
PH10037,03768544,2027-07-29,Saleable,2907,2026-02-28
PH10037,03727160,2028-02-17,Sample,58,2026-02-28
PH10038,03842489,2027-06-26,Saleable,4518,2026-02-28
PH10039,03976009,2026-09-22,Saleable,31,2026-02-28
PH10039,03970961,2028-05-29,Saleable,19,2026-02-28
PH10039,03998321,2027-03-14,Saleable,3,2026-02-28
PH10040,04070258,2026-08-26,Saleable,1227,2026-02-28
PH10040,04035649,2026-12-24,Saleable,1171,2026-02-28
PH10040,04015537,2028-10-01,Saleable,746,2026-02-28
PH10040,04067088,2028-02-27,Saleable,20,2026-02-28
PH10041,04148052,2027-08-09,Saleable,3056,2026-02-28
PH10042,04213670,2028-12-24,Saleable,208,2026-02-28
PH10043,04345363,2027-08-15,Saleable,22116,2026-02-28
PH10043,04339744,2027-11-11,Saleable,6000,2026-02-28
PH10044,04419147,2028-04-18,Saleable,8730,2026-02-28
PH10044,04473643,2026-09-28,Saleable,1234,2026-02-28
PH10044,04462709,2027-10-14,Saleable,1135,2026-02-28
PH10045,04593078,2028-05-24,Saleable,6416,2026-02-28
PH10045,04514452,2028-07-04,Saleable,13852,2026-02-28
PH10045,04549077,2028-07-02,Saleable,3543,2026-02-28
PH10045,04569970,2027-09-10,FOC,1190,2026-02-28
PH10046,04661778,2028-12-15,Saleable,712,2026-02-28
PH10046,04633726,2028-04-12,Saleable,101,2026-02-28
PH10046,04639417,2027-12-28,Sample,16,2026-02-28
PH10047,04756371,2027-03-03,Saleable,59,2026-02-28
PH10047,04770578,2026-06-05,Saleable,144,2026-02-28
PH10047,04792483,2027-09-28,Saleable,600,2026-02-28
PH10048,04886953,2027-09-29,Saleable,9098,2026-02-28
PH10048,04810375,2026-06-09,Saleable,5518,2026-02-28
PH10049,04950249,2028-04-17,Saleable,42489,2026-02-28
PH10049,04954058,2028-09-18,Saleable,31546,2026-02-28
PH10050,05016887,2027-08-29,Saleable,19900,2026-02-28
PH10050,05080645,2028-01-30,Saleable,3326,2026-02-28
PH10050,05075407,2026-12-21,Saleable,362,2026-02-28
PH10050,05011934,2025-08-08,Expired,1887,2026-02-28
PH10051,05117286,2028-11-14,Saleable,7869,2026-02-28
PH10051,05137929,2028-02-04,Sample,157,2026-02-28
PH10052,05264089,2028-09-12,Saleable,17873,2026-02-28
PH10052,05257891,2027-04-22,Saleable,28921,2026-02-28
PH10052,05238820,2025-03-12,Expired,3743,2026-02-28
PH10053,05330974,2026-11-13,Saleable,1429,2026-02-28
PH10053,05310457,2027-12-11,Saleable,178,2026-02-28
PH10053,05382081,2028-05-28,Saleable,1742,2026-02-28
PH10054,05442513,2027-09-08,Saleable,540,2026-02-28
PH10055,05524081,2027-02-10,Saleable,2804,2026-02-28
PH10055,05544416,2028-01-16,Sample,56,2026-02-28
PH10055,05560974,2026-12-18,Damaged,84,2026-02-28
PH10056,05630573,2028-01-13,Saleable,357,2026-02-28
PH10056,05692186,2027-07-21,Saleable,1609,2026-02-28
PH10057,05735686,2028-11-18,Saleable,11243,2026-02-28
PH10058,05818035,2028-04-26,Saleable,6567,2026-02-28
PH10059,05926322,2027-09-15,Saleable,1554,2026-02-28
PH10060,06060129,2029-01-27,Saleable,427,2026-02-28
PH10060,06091384,2027-04-11,Saleable,1067,2026-02-28
PH10060,06070708,2027-03-03,Saleable,231,2026-02-28
PH10060,06085258,2026-06-25,Saleable,2036,2026-02-28
PH10061,06184080,2028-02-28,Saleable,744,2026-02-28
PH10062,06273200,2027-05-04,Saleable,6003,2026-02-28
PH10063,06336285,2026-12-04,Saleable,5952,2026-02-28
PH10064,06433818,2026-09-01,Saleable,5728,2026-02-28
PH10065,06518841,2026-12-02,Saleable,2940,2026-02-28
PH10065,06584179,2028-08-08,Saleable,15303,2026-02-28
PH10066,06683039,2028-11-14,Saleable,9157,2026-02-28
PH10066,06654994,2025-04-13,Expired,732,2026-02-28
PH10067,06714691,2026-07-13,Saleable,22347,2026-02-28
PH10067,06754393,2025-10-10,Expired,1787,2026-02-28
PH10068,06847912,2028-12-02,Saleable,3745,2026-02-28
PH10069,06959941,2027-07-18,Saleable,287,2026-02-28
PH10069,06917824,2028-01-03,Saleable,323,2026-02-28
PH10070,07051990,2026-09-12,Saleable,493,2026-02-28
PH10070,07046831,2027-12-09,Saleable,1569,2026-02-28
PH10071,07137110,2027-09-14,Saleable,439,2026-02-28
PH10071,07169527,2027-10-10,Saleable,931,2026-02-28
PH10072,07213846,2027-01-13,Saleable,1393,2026-02-28
PH10073,07338940,2028-04-06,Saleable,9293,2026-02-28
PH10074,07415624,2026-10-23,Saleable,6690,2026-02-28
PH10074,07432339,2026-08-23,Saleable,7268,2026-02-28
PH10074,07438192,2026-12-18,Saleable,23,2026-02-28
PH10074,07433813,2027-04-20,FOC,699,2026-02-28
PH10075,07560568,2028-08-03,Saleable,40900,2026-02-28
PH10076,07693327,2026-09-14,Saleable,1436,2026-02-28
PH10076,07625317,2028-08-11,Saleable,158,2026-02-28
PH10077,07725261,2027-08-26,Saleable,468,2026-02-28
PH10077,07726276,2027-03-29,Saleable,1,2026-02-28
PH10077,07781337,2026-06-14,Saleable,760,2026-02-28
PH10078,07860667,2027-07-19,Saleable,33,2026-02-28
PH10078,07871693,2026-07-12,Saleable,7,2026-02-28
PH10079,07977535,2028-10-24,Saleable,1521,2026-02-28
PH10079,07948114,2027-04-23,Saleable,1488,2026-02-28
PH10079,07935826,2027-05-24,Saleable,2844,2026-02-28
PH10079,07980011,2027-10-08,Damaged,175,2026-02-28
PH10080,08051048,2028-07-03,Saleable,638,2026-02-28
PH10080,08094710,2028-03-20,Saleable,2087,2026-02-28
PH10081,08172496,2026-12-07,Saleable,132,2026-02-28
PH10082,08219284,2026-12-03,Saleable,298,2026-02-28
PH10082,08279021,2026-10-27,Saleable,449,2026-02-28
PH10082,08296643,2028-08-17,Saleable,932,2026-02-28
PH10082,08214012,2025-12-27,Expired,134,2026-02-28
PH10083,08350011,2028-11-24,Saleable,1754,2026-02-28
PH10083,08365072,2027-11-16,Saleable,2250,2026-02-28
PH10084,08417776,2027-06-05,Saleable,45381,2026-02-28
PH10085,08514108,2027-09-13,Saleable,4545,2026-02-28
PH10085,08587100,2026-05-30,Saleable,6594,2026-02-28
PH10085,08587139,2027-10-11,Saleable,955,2026-02-28
PH10086,08679373,2027-03-21,Saleable,6005,2026-02-28
PH10086,08646343,2026-10-09,Saleable,2499,2026-02-28
PH10086,08686819,2029-01-07,Saleable,1223,2026-02-28
PH10087,08779506,2029-01-08,Saleable,2402,2026-02-28
PH10088,08884253,2026-10-01,Saleable,209,2026-02-28
PH10088,08850648,2026-09-05,Saleable,198,2026-02-28
PH10088,08825957,2027-02-09,Saleable,57,2026-02-28
PH10088,08882218,2027-09-08,Saleable,308,2026-02-28
PH10089,08979018,2026-11-03,Saleable,306,2026-02-28
PH10089,08979919,2027-11-14,Saleable,257,2026-02-28
PH10089,08961422,2026-08-17,Saleable,334,2026-02-28
PH10090,09041163,2028-12-04,Saleable,111,2026-02-28
PH10091,09155728,2027-10-05,Saleable,596,2026-02-28
PH10091,09197281,2027-09-17,Saleable,1014,2026-02-28
PH10091,09181986,2025-05-28,Expired,128,2026-02-28
PH10092,09221915,2026-09-24,Saleable,2155,2026-02-28
PH10093,09376750,2028-04-27,Saleable,30221,2026-02-28
PH10094,09450675,2028-04-07,Saleable,14179,2026-02-28
PH10095,09551780,2028-04-04,Saleable,49146,2026-02-28
PH10096,09676411,2027-03-12,Saleable,1638,2026-02-28
PH10097,09766220,2028-03-27,Saleable,35,2026-02-28
PH10097,09710558,2028-03-23,Saleable,1951,2026-02-28
PH10097,09764097,2025-08-26,Expired,158,2026-02-28
PH10098,09880397,2028-03-13,Saleable,1359,2026-02-28
PH10098,09877461,2027-01-11,Saleable,750,2026-02-28
PH10098,09848479,2026-06-17,Saleable,18,2026-02-28
PH10099,09921135,2028-03-28,Saleable,2600,2026-02-28
PH10100,10023628,2026-09-29,Saleable,4937,2026-02-28
PH10100,10060227,2026-07-22,Saleable,519,2026-02-28
PH10100,10039441,2028-09-08,Saleable,3010,2026-02-28
PH10101,10198474,2028-08-02,Saleable,10778,2026-02-28
PH10101,10199650,2028-12-16,Saleable,4735,2026-02-28
PH10101,10190637,2027-12-10,FOC,775,2026-02-28
PH10102,10267676,2028-03-19,Saleable,514,2026-02-28
PH10103,10384282,2027-03-24,Saleable,690,2026-02-28
PH10103,10329306,2026-10-26,Saleable,23,2026-02-28
PH10103,10323167,2026-10-31,Saleable,167,2026-02-28
PH10104,10445901,2027-09-06,Saleable,1545,2026-02-28
PH10104,10467821,2027-11-26,Saleable,1169,2026-02-28
PH10104,10449743,2028-08-28,Saleable,2454,2026-02-28
PH10105,10527723,2029-02-03,Saleable,23309,2026-02-28
PH10105,10544878,2027-11-01,Saleable,683,2026-02-28
PH10106,10653308,2027-08-22,Saleable,793,2026-02-28
PH10106,10646043,2028-09-08,Saleable,754,2026-02-28
PH10107,10760066,2027-12-19,Saleable,820,2026-02-28
PH10107,10733170,2026-10-31,Saleable,8916,2026-02-28
PH10108,10878079,2027-03-09,Saleable,1849,2026-02-28
PH10109,10995426,2028-07-22,Saleable,2289,2026-02-28
PH10110,11015081,2027-04-21,Saleable,2321,2026-02-28
PH10110,11072953,2027-02-22,Saleable,757,2026-02-28
PH10110,11051035,2025-07-09,Expired,246,2026-02-28
PH10111,11188838,2027-06-23,Saleable,2146,2026-02-28
PH10111,11180367,2026-06-11,Saleable,1986,2026-02-28
PH10112,11258155,2028-03-10,Saleable,1042,2026-02-28
PH10112,11217944,2028-06-16,Saleable,2382,2026-02-28
PH10112,11290246,2027-04-10,Saleable,13803,2026-02-28
PH10113,11395669,2026-10-13,Saleable,1666,2026-02-28
PH10114,11487309,2026-12-19,Saleable,4857,2026-02-28
PH10115,11533597,2027-05-03,Saleable,1271,2026-02-28
PH10116,11688944,2027-02-16,Saleable,312,2026-02-28
PH10117,11725385,2028-12-05,Saleable,1761,2026-02-28
PH10117,11754333,2028-03-20,Saleable,471,2026-02-28
PH10118,11848600,2026-12-30,Saleable,697,2026-02-28
PH10118,11820814,2028-02-16,FOC,34,2026-02-28
PH10119,11935750,2028-01-17,Saleable,54017,2026-02-28
PH10120,12052778,2026-07-28,Saleable,10014,2026-02-28
PH10120,12087865,2028-02-24,Saleable,2947,2026-02-28
PH10120,12037562,2025-04-12,Expired,1036,2026-02-28
PH10121,12190250,2028-03-16,Saleable,18210,2026-02-28
PH10121,12195279,2027-02-06,Sample,364,2026-02-28
PH10121,12153386,2025-06-17,Expired,1456,2026-02-28
PH10122,12284528,2026-08-24,Saleable,21788,2026-02-28
PH10123,12370862,2027-03-06,Saleable,26105,2026-02-28
PH10124,12455701,2027-04-10,Saleable,2299,2026-02-28
PH10124,12477256,2027-01-27,Saleable,1154,2026-02-28
PH10124,12454893,2028-08-09,Saleable,365,2026-02-28
PH10124,12446662,2029-01-06,Saleable,229,2026-02-28
PH10124,12418934,2027-02-23,Saleable,719,2026-02-28
PH10125,12596691,2027-11-15,Saleable,7467,2026-02-28
PH10125,12594649,2027-03-29,Saleable,122,2026-02-28
PH10125,12562515,2025-06-10,Expired,607,2026-02-28
PH10126,12620981,2026-07-28,Saleable,136,2026-02-28
PH10126,12676700,2027-03-28,Saleable,3,2026-02-28
PH10126,12684335,2026-10-06,Saleable,15,2026-02-28
PH10127,12751655,2029-01-27,Saleable,2439,2026-02-28
PH10128,12816897,2028-02-20,Saleable,104,2026-02-28
PH10128,12852486,2027-10-07,Saleable,49,2026-02-28
PH10128,12815451,2027-09-18,Saleable,21,2026-02-28
PH10128,12857781,2027-08-22,Saleable,364,2026-02-28
PH10129,12960173,2027-07-11,Saleable,1952,2026-02-28
PH10130,13083305,2027-10-22,Saleable,13882,2026-02-28
PH10131,13144411,2026-07-23,Saleable,1989,2026-02-28
PH10131,13133559,2028-08-08,Saleable,2914,2026-02-28
PH10132,13214782,2028-07-14,Saleable,2484,2026-02-28
PH10133,13321557,2028-01-16,Saleable,1041,2026-02-28
PH10133,13386100,2028-02-03,FOC,52,2026-02-28
PH10134,13495748,2028-03-22,Saleable,185,2026-02-28
PH10134,13467392,2027-12-10,Saleable,25,2026-02-28
PH10135,13590025,2027-01-16,Saleable,144,2026-02-28
PH10135,13586453,2029-01-15,Saleable,56,2026-02-28
PH10135,13510415,2027-04-10,Saleable,59,2026-02-28
PH10135,13587417,2026-11-21,Saleable,630,2026-02-28
PH10136,13662230,2027-05-03,Saleable,1971,2026-02-28
PH10136,13666908,2026-06-24,Sample,39,2026-02-28
PH10137,13734348,2027-02-06,Saleable,4163,2026-02-28
PH10138,13815862,2026-11-05,Saleable,11864,2026-02-28
PH10138,13888151,2026-07-08,Saleable,2015,2026-02-28
PH10138,13864817,2026-11-08,Saleable,6378,2026-02-28
PH10139,13959970,2027-10-20,Saleable,7436,2026-02-28
PH10139,13977732,2027-12-23,Saleable,2070,2026-02-28
PH10140,14029203,2029-01-30,Saleable,126,2026-02-28
PH10140,14016538,2026-07-18,Saleable,102,2026-02-28
PH10140,14050444,2027-08-06,Saleable,125,2026-02-28
PH10140,14079661,2026-10-27,Saleable,108,2026-02-28
PH10141,14151590,2027-07-23,Saleable,575,2026-02-28
PH10142,14264480,2027-11-29,Saleable,123,2026-02-28
PH10142,14215051,2026-07-01,FOC,6,2026-02-28
PH10143,14382894,2027-10-02,Saleable,20,2026-02-28
PH10144,14485991,2029-01-11,Saleable,18,2026-02-28
PH10144,14455905,2027-11-29,Saleable,261,2026-02-28
PH10144,14434681,2029-01-13,Saleable,160,2026-02-28
PH10144,14484684,2027-07-07,Damaged,13,2026-02-28
PH10145,14573537,2027-01-28,Saleable,3360,2026-02-28
PH10146,14696808,2028-05-27,Saleable,837,2026-02-28
PH10147,14712940,2027-08-07,Saleable,15938,2026-02-28
PH10148,14873394,2028-05-27,Saleable,19732,2026-02-28
PH10149,14984155,2026-11-08,Saleable,98,2026-02-28
PH10149,14922845,2027-01-05,Saleable,886,2026-02-28
PH10150,15035268,2028-03-23,Saleable,35341,2026-02-28
PH10150,15069869,2027-01-25,Saleable,8637,2026-02-28
PH10151,15150985,2028-02-13,Saleable,480,2026-02-28
PH10152,15290069,2028-12-23,Saleable,433,2026-02-28
PH10152,15253834,2026-07-15,Saleable,4951,2026-02-28
PH10153,15355396,2028-06-09,Saleable,16027,2026-02-28
PH10153,15391269,2028-10-26,Saleable,9935,2026-02-28
PH10154,15414894,2027-07-03,Saleable,227,2026-02-28
PH10154,15472941,2026-07-28,Saleable,220,2026-02-28
PH10154,15475767,2028-06-16,Saleable,14,2026-02-28
PH10155,15582007,2026-12-19,Saleable,1507,2026-02-28
PH10155,15541942,2028-08-10,Saleable,2176,2026-02-28
PH10155,15537403,2028-05-17,Saleable,577,2026-02-28
PH10155,15542956,2028-04-23,Saleable,2053,2026-02-28
PH10156,15666710,2027-10-09,Saleable,873,2026-02-28
PH10156,15698105,2028-02-11,Saleable,49,2026-02-28
PH10156,15636167,2028-08-13,Saleable,983,2026-02-28
PH10157,15765570,2026-09-15,Saleable,1715,2026-02-28
PH10157,15737443,2027-07-08,Saleable,4634,2026-02-28
PH10157,15766656,2027-11-03,Saleable,2000,2026-02-28
PH10158,15813937,2028-06-14,Saleable,21769,2026-02-28
PH10159,15960747,2029-01-04,Saleable,4968,2026-02-28
PH10159,15947954,2026-12-20,Saleable,2426,2026-02-28
PH10159,15963018,2025-04-03,Expired,591,2026-02-28
PH10160,16043873,2026-12-07,Saleable,63,2026-02-28
PH10160,16064141,2027-05-07,Saleable,118,2026-02-28
PH10160,16092809,2027-09-02,Saleable,453,2026-02-28
PH10161,16150395,2028-06-23,Saleable,202,2026-02-28
PH10161,16173543,2027-01-30,Saleable,550,2026-02-28
PH10161,16153148,2027-02-11,Saleable,973,2026-02-28
PH10162,16220105,2026-07-18,Saleable,12723,2026-02-28
PH10162,16282883,2026-09-17,Saleable,38651,2026-02-28
PH10162,16224431,2028-07-03,Saleable,10015,2026-02-28
PH10163,16321108,2026-07-08,Saleable,69,2026-02-28
PH10163,16393498,2028-07-06,Saleable,1,2026-02-28
PH10164,16452892,2026-07-08,Saleable,2457,2026-02-28
PH10164,16480217,2028-07-01,Saleable,29498,2026-02-28
PH10165,16517953,2028-05-26,Saleable,17345,2026-02-28
PH10165,16580668,2027-04-14,Saleable,22279,2026-02-28
PH10165,16579413,2027-09-14,Sample,792,2026-02-28
PH10166,16619055,2027-09-16,Saleable,53613,2026-02-28
PH10166,16663346,2027-02-15,Saleable,15921,2026-02-28
PH10167,16745205,2029-02-11,Saleable,24811,2026-02-28
PH10168,16862512,2029-02-09,Saleable,73,2026-02-28
PH10168,16817131,2028-03-20,Saleable,495,2026-02-28
PH10168,16813431,2026-07-07,Saleable,55,2026-02-28
PH10169,16972770,2028-05-04,Saleable,2599,2026-02-28
PH10169,16975445,2028-11-03,Saleable,4370,2026-02-28
PH10170,17056776,2027-01-26,Saleable,1109,2026-02-28
PH10170,17075246,2027-04-06,Saleable,465,2026-02-28
PH10171,17168213,2028-09-19,Saleable,1330,2026-02-28
PH10171,17111309,2028-05-29,Saleable,6150,2026-02-28
PH10171,17176912,2026-01-31,Expired,598,2026-02-28
PH10172,17275315,2028-03-23,Saleable,8832,2026-02-28
PH10172,17257633,2029-01-21,Saleable,60423,2026-02-28
PH10172,17210842,2028-07-06,Saleable,19486,2026-02-28
PH10173,17398072,2027-01-21,Saleable,5987,2026-02-28
PH10174,17476414,2027-06-28,Saleable,1825,2026-02-28
PH10174,17415070,2027-01-13,Saleable,1901,2026-02-28
PH10174,17414118,2027-07-22,Saleable,2710,2026-02-28
PH10175,17551409,2026-07-22,Saleable,1548,2026-02-28
PH10175,17537075,2027-06-19,FOC,77,2026-02-28
PH10176,17625933,2026-06-22,Saleable,7014,2026-02-28
PH10177,17777061,2027-07-17,Saleable,1979,2026-02-28
PH10178,17867777,2027-08-09,Saleable,941,2026-02-28
PH10178,17830607,2028-12-09,Saleable,4667,2026-02-28
PH10179,17937871,2026-07-26,Saleable,646,2026-02-28
PH10179,17922945,2026-11-25,Saleable,685,2026-02-28
PH10179,17917030,2029-02-04,Saleable,317,2026-02-28
PH10180,18051836,2027-04-12,Saleable,43,2026-02-28
PH10180,18014003,2028-09-13,Saleable,35,2026-02-28
PH10181,18172702,2028-03-16,Saleable,19223,2026-02-28
PH10181,18152761,2028-11-05,Saleable,432,2026-02-28
PH10182,18246133,2026-11-17,Saleable,1729,2026-02-28
PH10182,18275303,2027-07-23,Saleable,354,2026-02-28
PH10182,18296191,2027-09-07,FOC,104,2026-02-28
PH10183,18346638,2027-02-19,Saleable,10646,2026-02-28
PH10183,18344616,2027-08-07,Saleable,17730,2026-02-28
PH10183,18357504,2025-04-26,Expired,2270,2026-02-28
PH10184,18445482,2027-06-27,Saleable,716,2026-02-28
PH10185,18563813,2027-06-17,Saleable,17610,2026-02-28
PH10185,18561314,2027-04-30,FOC,880,2026-02-28
PH10186,18698658,2028-03-28,Saleable,577,2026-02-28
PH10187,18772915,2026-11-29,Saleable,1066,2026-02-28
PH10187,18798744,2028-08-25,Saleable,268,2026-02-28
PH10188,18890945,2028-07-02,Saleable,5416,2026-02-28
PH10189,18947207,2026-12-26,Saleable,184,2026-02-28
PH10189,18959194,2027-03-18,Saleable,100,2026-02-28
PH10190,19050368,2026-07-07,Saleable,958,2026-02-28
PH10190,19053295,2028-05-16,Saleable,1576,2026-02-28
PH10190,19051859,2027-04-06,Saleable,1119,2026-02-28
PH10191,19167514,2029-02-04,Saleable,51370,2026-02-28
PH10192,19241628,2027-02-28,Saleable,324,2026-02-28
PH10192,19226846,2026-12-05,Saleable,218,2026-02-28
PH10192,19252039,2027-04-06,Saleable,360,2026-02-28
PH10193,19338406,2028-05-21,Saleable,81597,2026-02-28
PH10194,19438461,2026-08-21,Saleable,9432,2026-02-28
PH10194,19429778,2028-04-18,Saleable,369,2026-02-28
PH10195,19565816,2026-10-29,Saleable,358,2026-02-28
PH10195,19528436,2026-09-20,Saleable,421,2026-02-28
PH10195,19592089,2027-04-05,FOC,39,2026-02-28
PH10196,19643212,2028-01-28,Saleable,70486,2026-02-28
PH10197,19753593,2028-02-16,Saleable,38535,2026-02-28
PH10198,19888194,2028-12-17,Saleable,228,2026-02-28
PH10198,19897271,2027-04-26,Saleable,253,2026-02-28
PH10199,19911153,2026-08-19,Saleable,216,2026-02-28
PH10199,19955635,2028-11-20,Saleable,1982,2026-02-28
PH10199,19954129,2027-12-17,Saleable,457,2026-02-28
PH10200,20050918,2028-10-23,Saleable,47626,2026-02-28
PH10200,20068625,2027-04-18,FOC,2381,2026-02-28
PH10201,20169668,2028-05-16,Saleable,2315,2026-02-28
PH10202,20216711,2027-07-27,Saleable,461,2026-02-28
PH10202,20216078,2028-10-22,Saleable,690,2026-02-28
PH10202,20277492,2027-04-24,Saleable,555,2026-02-28
PH10203,20311944,2026-12-25,Saleable,670,2026-02-28
PH10203,20363868,2026-10-04,Saleable,83,2026-02-28
PH10204,20429455,2028-08-26,Saleable,3862,2026-02-28
PH10205,20544747,2027-05-24,Saleable,27564,2026-02-28
PH10205,20537642,2028-04-22,Saleable,6073,2026-02-28
PH10206,20645039,2028-02-07,Saleable,8255,2026-02-28
PH10206,20659304,2028-11-24,Saleable,4410,2026-02-28
PH10206,20677135,2027-11-25,Saleable,11549,2026-02-28
PH10207,20747166,2026-11-29,Saleable,79,2026-02-28
PH10207,20735728,2028-07-19,Saleable,82,2026-02-28
PH10208,20886649,2026-08-11,Saleable,6046,2026-02-28
PH10208,20882340,2026-07-31,Saleable,2673,2026-02-28
PH10208,20898727,2027-02-13,FOC,436,2026-02-28
PH10208,20826160,2025-09-28,Expired,697,2026-02-28
PH10209,20923804,2028-08-10,Saleable,57368,2026-02-28
PH10209,20935676,2025-05-21,Expired,4589,2026-02-28
PH10210,21032649,2027-05-12,Saleable,1346,2026-02-28
PH10210,21082644,2026-12-18,Saleable,1086,2026-02-28
PH10210,21069460,2027-02-26,Damaged,72,2026-02-28
PH10211,21186881,2027-12-22,Saleable,217,2026-02-28
PH10211,21199643,2026-04-22,Damaged,6,2026-02-28
PH10212,21273048,2028-09-19,Saleable,7440,2026-02-28
PH10212,21289569,2028-01-24,Saleable,19958,2026-02-28
PH10212,21222072,2026-11-01,Saleable,1365,2026-02-28
PH10213,21373103,2028-09-05,Saleable,3534,2026-02-28
PH10214,21444231,2028-10-09,Saleable,253,2026-02-28
PH10214,21472725,2028-02-18,Saleable,333,2026-02-28
PH10214,21497693,2025-12-02,Expired,46,2026-02-28
PH10215,21523944,2028-11-26,Saleable,14606,2026-02-28
PH10215,21556878,2025-05-01,Expired,1168,2026-02-28
PH10216,21661958,2027-05-21,Saleable,912,2026-02-28
PH10216,21675429,2027-10-14,Saleable,154,2026-02-28
PH10216,21652279,2027-07-11,Saleable,143,2026-02-28
PH10217,21721642,2026-10-15,Saleable,12837,2026-02-28
PH10217,21737800,2028-10-10,Saleable,6707,2026-02-28
PH10217,21747826,2028-02-28,Saleable,18391,2026-02-28
PH10218,21880234,2027-11-04,Saleable,6745,2026-02-28
PH10219,21929968,2028-01-26,Saleable,3765,2026-02-28
PH10219,21993338,2028-02-17,Saleable,6304,2026-02-28
PH10219,21955249,2027-10-21,FOC,503,2026-02-28
PH10219,21965542,2025-12-18,Expired,805,2026-02-28
PH10220,22020749,2026-08-02,Saleable,417,2026-02-28
PH10220,22087507,2026-02-18,Expired,33,2026-02-28
PH10221,22194205,2029-01-27,Saleable,226,2026-02-28
PH10221,22175069,2027-05-27,Saleable,836,2026-02-28
PH10222,22220109,2027-12-27,Saleable,2498,2026-02-28
PH10222,22287804,2027-12-05,Sample,49,2026-02-28
PH10222,22290464,2025-11-04,Expired,199,2026-02-28
PH10223,22367631,2028-01-14,Saleable,1610,2026-02-28
PH10224,22486546,2028-05-31,Saleable,582,2026-02-28
PH10224,22459444,2028-07-16,Saleable,104,2026-02-28
PH10225,22544865,2028-07-30,Saleable,1306,2026-02-28
PH10226,22657170,2028-07-21,Saleable,26,2026-02-28
PH10226,22647788,2026-12-29,Saleable,180,2026-02-28
PH10226,22624905,2027-08-07,Saleable,654,2026-02-28
PH10226,22610966,2028-08-02,Saleable,482,2026-02-28
PH10227,22777277,2027-10-18,Saleable,14178,2026-02-28
PH10227,22723109,2027-05-18,Saleable,7945,2026-02-28
PH10228,22845386,2027-05-20,Saleable,31,2026-02-28
PH10228,22877819,2027-12-17,Saleable,211,2026-02-28
PH10229,22951863,2028-01-02,Saleable,100,2026-02-28
PH10230,23021602,2028-02-24,Saleable,26168,2026-02-28
PH10230,23073906,2028-08-18,Saleable,35942,2026-02-28
PH10230,23082641,2026-07-10,Saleable,5147,2026-02-28
PH10231,23173777,2028-05-08,Saleable,2193,2026-02-28
PH10232,23292050,2027-10-21,Saleable,2401,2026-02-28
PH10232,23293004,2027-10-07,Saleable,775,2026-02-28
PH10232,23279211,2026-09-03,Saleable,10996,2026-02-28
PH10233,23368457,2027-01-06,Saleable,178,2026-02-28
PH10233,23318765,2028-03-27,Saleable,121,2026-02-28
PH10234,23476815,2028-08-22,Saleable,260,2026-02-28
PH10234,23419009,2029-01-01,Saleable,492,2026-02-28
PH10234,23440999,2028-06-07,Saleable,878,2026-02-28
PH10235,23569616,2026-10-13,Saleable,1789,2026-02-28
PH10235,23525311,2029-01-23,Saleable,1419,2026-02-28
PH10236,23679140,2027-02-12,Saleable,115004,2026-02-28
PH10236,23618421,2029-01-27,Saleable,21042,2026-02-28
PH10236,23688400,2027-03-12,Saleable,52527,2026-02-28
PH10237,23723724,2027-03-23,Saleable,22345,2026-02-28
PH10237,23724784,2026-10-16,FOC,1117,2026-02-28
PH10238,23871272,2027-07-09,Saleable,1478,2026-02-28
PH10238,23898147,2028-02-21,Saleable,5928,2026-02-28
PH10239,23968622,2028-10-24,Saleable,2083,2026-02-28
PH10239,23964678,2028-03-22,Saleable,1179,2026-02-28
PH10240,24055538,2027-04-21,Saleable,1906,2026-02-28
PH10241,24180883,2028-08-30,Saleable,3465,2026-02-28
PH10242,24292358,2028-09-02,Saleable,3454,2026-02-28
PH10243,24397718,2027-06-07,Saleable,1611,2026-02-28
PH10243,24343177,2028-12-07,Saleable,357,2026-02-28
PH10243,24346991,2028-12-14,Saleable,87,2026-02-28
PH10243,24395955,2028-04-13,Saleable,78,2026-02-28
PH10244,24466434,2027-03-02,Saleable,2369,2026-02-28
PH10244,24431709,2029-01-11,Saleable,726,2026-02-28
PH10244,24426117,2027-12-25,Saleable,873,2026-02-28
PH10244,24457422,2027-03-03,Sample,79,2026-02-28
PH10245,24590366,2026-09-01,Saleable,5027,2026-02-28
PH10245,24529331,2027-08-19,Saleable,16977,2026-02-28
PH10245,24554838,2028-01-17,Saleable,10481,2026-02-28
PH10245,24541630,2028-10-27,Saleable,586,2026-02-28
PH10245,24539442,2027-02-12,Sample,661,2026-02-28
PH10246,24654867,2028-10-07,Saleable,4886,2026-02-28
PH10247,24760341,2027-03-07,Saleable,8,2026-02-28
PH10248,24844705,2028-04-28,Saleable,59938,2026-02-28
PH10249,24919940,2028-04-08,Saleable,11019,2026-02-28
PH10250,25084666,2028-10-29,Saleable,5865,2026-02-28
PH10250,25075266,2028-07-22,Saleable,2719,2026-02-28
PH10250,25040493,2026-12-13,Saleable,2536,2026-02-28
PH10251,25151165,2028-11-19,Saleable,1969,2026-02-28
PH10251,25179513,2026-09-26,FOC,98,2026-02-28
PH10252,25298713,2027-09-10,Saleable,4507,2026-02-28
PH10253,25324361,2028-11-30,Saleable,59229,2026-02-28
PH10253,25376841,2028-11-02,Saleable,4700,2026-02-28
PH10254,25494914,2028-10-18,Saleable,1462,2026-02-28
PH10254,25442919,2028-01-04,Saleable,1615,2026-02-28
PH10254,25411436,2025-08-30,Expired,246,2026-02-28
PH10255,25519320,2026-11-25,Saleable,2873,2026-02-28
PH10255,25540916,2028-01-13,Saleable,3875,2026-02-28
PH10255,25594734,2028-10-21,Saleable,2210,2026-02-28
PH10255,25540850,2028-12-24,Saleable,2691,2026-02-28
PH10255,25553652,2027-03-05,Saleable,687,2026-02-28
PH10256,25622468,2026-12-06,Saleable,9392,2026-02-28
PH10256,25699482,2027-08-05,Saleable,16169,2026-02-28
PH10256,25639727,2027-11-21,Saleable,2541,2026-02-28
PH10256,25661113,2027-01-15,Saleable,9957,2026-02-28
PH10257,25750365,2026-08-11,Saleable,31830,2026-02-28
PH10257,25724165,2027-12-09,FOC,1591,2026-02-28
PH10258,25819947,2028-01-08,Saleable,660,2026-02-28
PH10259,25965108,2028-01-23,Saleable,1161,2026-02-28
PH10260,26029631,2027-10-21,Saleable,1530,2026-02-28
PH10261,26167568,2028-11-11,Saleable,2209,2026-02-28
PH10262,26279410,2027-09-22,Saleable,2460,2026-02-28
PH10263,26320922,2026-06-20,Saleable,1578,2026-02-28
PH10263,26399491,2026-11-21,Damaged,47,2026-02-28
PH10264,26435667,2027-09-04,Saleable,5541,2026-02-28
PH10264,26464306,2026-10-20,Sample,110,2026-02-28
PH10265,26573500,2028-05-13,Saleable,1768,2026-02-28
PH10266,26673039,2027-09-19,Saleable,610,2026-02-28
PH10266,26631912,2028-06-20,Saleable,3313,2026-02-28
PH10267,26791358,2027-10-08,Saleable,109,2026-02-28
PH10267,26734829,2028-04-13,Saleable,50,2026-02-28
PH10267,26718578,2027-01-22,FOC,8,2026-02-28
PH10268,26865149,2028-01-19,Saleable,1399,2026-02-28
PH10268,26829030,2028-12-05,Saleable,521,2026-02-28
PH10269,26930475,2027-11-01,Saleable,175,2026-02-28
PH10269,26999202,2027-09-14,Saleable,504,2026-02-28
PH10269,26980957,2029-02-02,Saleable,933,2026-02-28
PH10270,27075419,2027-12-21,Saleable,71587,2026-02-28
PH10271,27135739,2028-10-13,Saleable,74,2026-02-28
PH10271,27187899,2026-09-08,Saleable,8,2026-02-28
PH10271,27112266,2027-09-23,Saleable,36,2026-02-28
PH10272,27217494,2028-07-20,Saleable,1515,2026-02-28
PH10273,27379451,2028-05-30,Saleable,13,2026-02-28
PH10273,27311706,2026-06-01,Saleable,155,2026-02-28
PH10273,27329840,2026-04-08,Damaged,5,2026-02-28
PH10274,27411314,2029-02-07,Saleable,696,2026-02-28
PH10274,27442523,2026-11-10,Saleable,1865,2026-02-28
PH10274,27484093,2027-11-17,Saleable,3720,2026-02-28
PH10274,27485610,2027-05-01,Saleable,948,2026-02-28
PH10274,27419127,2025-03-05,Expired,578,2026-02-28
PH10275,27583127,2027-07-16,Saleable,2520,2026-02-28
PH10275,27537621,2026-08-09,Saleable,261,2026-02-28
PH10276,27635274,2027-10-11,Saleable,409,2026-02-28
PH10276,27660720,2027-01-30,Saleable,455,2026-02-28
PH10277,27739657,2028-03-24,Saleable,1768,2026-02-28
PH10278,27823620,2026-06-24,Saleable,12,2026-02-28
PH10279,27932873,2027-09-01,Saleable,574,2026-02-28
PH10279,27958254,2026-08-06,Saleable,54,2026-02-28
PH10279,27957529,2028-09-24,Saleable,79,2026-02-28
PH10279,27984895,2028-10-01,Saleable,335,2026-02-28
PH10280,28020373,2028-01-02,Saleable,1166,2026-02-28
PH10280,28057626,2028-06-10,Saleable,3840,2026-02-28
PH10281,28199649,2028-03-01,Saleable,797,2026-02-28
PH10281,28190896,2028-10-24,Saleable,2085,2026-02-28
PH10281,28146507,2027-04-26,Saleable,322,2026-02-28
PH10281,28199694,2028-01-07,Saleable,9360,2026-02-28
PH10282,28295764,2026-07-09,Saleable,1417,2026-02-28
PH10282,28273395,2028-07-23,Saleable,3588,2026-02-28
PH10282,28271149,2027-05-05,Sample,100,2026-02-28
PH10283,28330103,2027-01-31,Saleable,13876,2026-02-28
PH10284,28495980,2026-11-22,Saleable,2805,2026-02-28
PH10284,28414168,2026-09-17,Sample,56,2026-02-28
PH10285,28519200,2027-05-28,Saleable,1384,2026-02-28
PH10285,28583850,2027-11-07,Saleable,3068,2026-02-28
PH10286,28677787,2028-02-07,Saleable,1462,2026-02-28
PH10286,28622556,2028-06-03,Saleable,6863,2026-02-28
PH10286,28612505,2025-06-14,Expired,666,2026-02-28
PH10287,28740238,2026-06-09,Saleable,8377,2026-02-28
PH10288,28873520,2028-12-20,Saleable,1601,2026-02-28
PH10289,28922770,2028-11-09,Saleable,4271,2026-02-28
PH10289,28938239,2028-12-29,Saleable,3610,2026-02-28
PH10290,29097312,2028-10-19,Saleable,1190,2026-02-28
PH10290,29085921,2027-02-22,Saleable,228,2026-02-28
PH10290,29080181,2028-01-16,FOC,70,2026-02-28
PH10291,29136434,2029-01-11,Saleable,141,2026-02-28
PH10291,29167736,2028-10-21,Saleable,293,2026-02-28
PH10292,29264020,2026-10-21,Saleable,1229,2026-02-28
PH10292,29225776,2027-11-18,Saleable,1010,2026-02-28
PH10293,29358322,2028-04-21,Saleable,3098,2026-02-28
PH10293,29331998,2026-12-17,Saleable,1331,2026-02-28
PH10293,29374338,2026-10-22,Saleable,327,2026-02-28
PH10294,29455924,2026-10-27,Saleable,1163,2026-02-28
PH10294,29424218,2028-10-07,Saleable,3771,2026-02-28
PH10294,29449600,2027-03-20,Saleable,183,2026-02-28
PH10294,29483055,2027-06-27,Sample,102,2026-02-28
PH10295,29562284,2028-01-29,Saleable,5864,2026-02-28
PH10296,29630455,2026-12-30,Saleable,12207,2026-02-28
PH10296,29660401,2026-07-26,Saleable,1698,2026-02-28
PH10296,29698476,2028-04-03,Saleable,495,2026-02-28
PH10297,29730769,2027-12-27,Saleable,14898,2026-02-28
PH10298,29887822,2027-08-05,Saleable,5641,2026-02-28
PH10298,29826445,2027-12-06,FOC,282,2026-02-28
PH10299,29988254,2026-09-01,Saleable,1289,2026-02-28
PH10299,29976940,2028-07-18,Saleable,237,2026-02-28
PH10299,29983603,2026-06-10,Saleable,1321,2026-02-28
PH10299,29970185,2028-04-16,Saleable,363,2026-02-28
PH10300,30022422,2027-04-30,Saleable,1044,2026-02-28
PH10300,30097955,2027-11-15,FOC,52,2026-02-28
PH10301,30155154,2028-02-25,Saleable,165,2026-02-28
PH10301,30170703,2027-12-14,Saleable,45,2026-02-28
PH10302,30263250,2026-07-04,Saleable,1375,2026-02-28
PH10303,30333288,2026-07-11,Saleable,591,2026-02-28
PH10303,30325146,2028-11-24,Saleable,3777,2026-02-28
PH10303,30358597,2028-01-15,Saleable,2785,2026-02-28
PH10304,30430691,2026-06-15,Saleable,44,2026-02-28
PH10304,30411899,2028-06-20,Saleable,1423,2026-02-28
PH10305,30591236,2027-02-13,Saleable,1017,2026-02-28
PH10305,30548960,2028-06-23,Saleable,137,2026-02-28
PH10305,30573686,2029-01-25,Saleable,77,2026-02-28
PH10306,30635938,2027-09-08,Saleable,2257,2026-02-28
PH10306,30684969,2027-05-23,Saleable,4466,2026-02-28
PH10307,30723210,2026-11-22,Saleable,10797,2026-02-28
PH10307,30781077,2027-09-24,Saleable,15175,2026-02-28
PH10307,30717991,2028-11-30,Saleable,2017,2026-02-28
PH10307,30768021,2025-05-16,Expired,2239,2026-02-28
PH10308,30821773,2027-10-06,Saleable,20866,2026-02-28
PH10309,30971393,2028-09-10,Saleable,1362,2026-02-28
PH10309,30954084,2028-08-18,Saleable,8281,2026-02-28
PH10309,30923731,2026-07-18,FOC,482,2026-02-28
PH10310,31034997,2026-09-22,Saleable,2220,2026-02-28
PH10311,31186967,2026-08-09,Saleable,4303,2026-02-28
PH10311,31120108,2027-03-04,Saleable,42884,2026-02-28
PH10311,31111438,2028-04-26,Saleable,18465,2026-02-28
PH10311,31157867,2026-06-26,Sample,1313,2026-02-28
PH10312,31247792,2028-07-17,Saleable,4899,2026-02-28
PH10313,31326892,2027-10-29,Saleable,23562,2026-02-28
PH10314,31466944,2027-07-24,Saleable,7822,2026-02-28
PH10315,31563881,2028-09-24,Saleable,975,2026-02-28
PH10315,31530923,2027-03-17,Saleable,1627,2026-02-28
PH10316,31659292,2028-09-18,Saleable,1770,2026-02-28
PH10317,31748407,2028-01-07,Saleable,3267,2026-02-28
PH10317,31718984,2026-11-27,Saleable,694,2026-02-28
PH10318,31881639,2027-02-05,Saleable,2435,2026-02-28
PH10318,31834936,2026-11-11,Saleable,353,2026-02-28
PH10319,31932955,2027-06-06,Saleable,2158,2026-02-28
PH10320,32056246,2027-04-25,Saleable,414,2026-02-28
PH10320,32028069,2027-02-15,Saleable,352,2026-02-28
PH10321,32195828,2027-10-29,Saleable,7589,2026-02-28
PH10321,32114903,2028-09-03,Saleable,629,2026-02-28
PH10322,32214257,2028-05-20,Saleable,225,2026-02-28
PH10322,32280191,2028-06-30,Saleable,1020,2026-02-28
PH10322,32267770,2026-09-07,Saleable,271,2026-02-28
PH10323,32360761,2027-01-11,Saleable,12254,2026-02-28
PH10324,32441349,2028-01-31,Saleable,499,2026-02-28
PH10324,32497534,2026-04-13,Damaged,14,2026-02-28
PH10325,32518253,2028-04-12,Saleable,70,2026-02-28
PH10325,32569311,2026-10-15,Saleable,109,2026-02-28
PH10326,32697215,2028-04-24,Saleable,3351,2026-02-28
PH10326,32676210,2027-11-28,Sample,67,2026-02-28
PH10327,32739982,2027-07-08,Saleable,1176,2026-02-28
PH10327,32792927,2027-03-26,Saleable,547,2026-02-28
PH10328,32861540,2028-10-28,Saleable,1435,2026-02-28
PH10328,32892301,2026-08-08,Saleable,2761,2026-02-28
PH10328,32867725,2027-02-08,Sample,83,2026-02-28
PH10328,32813112,2025-07-14,Expired,335,2026-02-28
PH10329,32984052,2028-01-22,Saleable,189,2026-02-28
PH10329,32961424,2027-10-07,Saleable,268,2026-02-28
PH10330,33071458,2028-09-28,Saleable,2130,2026-02-28
PH10330,33035365,2027-08-12,FOC,106,2026-02-28
PH10331,33176028,2027-09-02,Saleable,5860,2026-02-28
PH10332,33221868,2026-08-23,Saleable,339,2026-02-28
PH10332,33234401,2026-07-30,Saleable,467,2026-02-28
PH10333,33362607,2029-01-08,Saleable,2707,2026-02-28
PH10334,33493870,2026-11-09,Saleable,1920,2026-02-28
PH10334,33481309,2028-06-06,Saleable,24251,2026-02-28
PH10335,33589217,2027-06-18,Saleable,12214,2026-02-28
PH10335,33597702,2027-12-14,Saleable,13,2026-02-28
PH10335,33579651,2027-02-08,Saleable,16956,2026-02-28
PH10336,33628939,2027-04-23,Saleable,886,2026-02-28
PH10337,33750955,2028-06-02,Saleable,7,2026-02-28
PH10337,33753828,2027-04-22,FOC,1,2026-02-28
PH10338,33885709,2029-01-11,Saleable,19925,2026-02-28
PH10338,33859111,2026-09-30,Saleable,2081,2026-02-28
PH10339,33941741,2027-08-12,Saleable,6537,2026-02-28
PH10340,34077922,2028-01-28,Saleable,40498,2026-02-28
PH10341,34199558,2027-04-04,Saleable,6330,2026-02-28
PH10341,34123146,2025-07-31,Expired,506,2026-02-28
PH10342,34216457,2026-08-02,Saleable,265,2026-02-28
PH10342,34222685,2028-02-01,Saleable,775,2026-02-28
PH10342,34225106,2028-01-26,Saleable,22,2026-02-28
PH10342,34254335,2028-11-13,Saleable,367,2026-02-28
PH10343,34310048,2028-02-13,Saleable,5083,2026-02-28
PH10344,34457103,2027-04-11,Saleable,63,2026-02-28
PH10344,34440408,2028-10-16,Saleable,84,2026-02-28
PH10344,34443386,2027-03-21,Saleable,226,2026-02-28
PH10344,34486777,2026-11-13,FOC,18,2026-02-28
PH10345,34527455,2027-02-15,Saleable,414,2026-02-28
PH10345,34544609,2027-10-11,Saleable,173,2026-02-28
PH10345,34579144,2026-08-13,FOC,29,2026-02-28
PH10346,34676628,2026-06-27,Saleable,341,2026-02-28
PH10346,34694790,2026-07-24,Saleable,4561,2026-02-28
PH10347,34711289,2026-08-31,Saleable,3043,2026-02-28
PH10348,34882665,2028-05-30,Saleable,189,2026-02-28
PH10348,34895500,2028-10-20,Saleable,286,2026-02-28
PH10349,34993585,2028-09-03,Saleable,3205,2026-02-28
PH10350,35042316,2027-03-18,Saleable,1688,2026-02-28
PH10351,35156445,2028-04-05,Saleable,4964,2026-02-28
PH10352,35298772,2027-04-13,Saleable,1803,2026-02-28
PH10352,35260741,2028-09-17,Saleable,13,2026-02-28
PH10353,35367350,2028-05-03,Saleable,2044,2026-02-28
PH10353,35376281,2027-10-06,Saleable,368,2026-02-28
PH10353,35357567,2027-10-26,Saleable,1550,2026-02-28
PH10354,35486188,2026-07-02,Saleable,374,2026-02-28
PH10355,35570760,2027-03-14,Saleable,18196,2026-02-28
PH10355,35581257,2027-02-15,Sample,363,2026-02-28
PH10356,35664264,2026-08-09,Saleable,20201,2026-02-28
PH10357,35738087,2028-11-08,Saleable,163,2026-02-28
PH10357,35798921,2027-08-08,Saleable,155,2026-02-28
PH10358,35894150,2029-01-01,Saleable,465,2026-02-28
PH10359,35985700,2027-04-09,Saleable,8032,2026-02-28
PH10360,36029995,2027-07-05,Saleable,797,2026-02-28
PH10361,36158941,2028-09-12,Saleable,3756,2026-02-28
PH10361,36179128,2026-11-04,Saleable,400,2026-02-28
PH10362,36296022,2028-03-03,Saleable,1019,2026-02-28
PH10362,36262831,2028-04-01,Saleable,5614,2026-02-28
PH10363,36311835,2029-02-10,Saleable,10,2026-02-28
PH10363,36378927,2027-04-06,Saleable,533,2026-02-28
PH10364,36466745,2028-01-11,Saleable,7786,2026-02-28
PH10365,36584780,2027-07-04,Saleable,1801,2026-02-28
PH10365,36542467,2028-11-10,Saleable,1188,2026-02-28
PH10366,36637466,2026-09-23,Saleable,1908,2026-02-28
PH10366,36683135,2029-01-02,Saleable,229,2026-02-28
PH10367,36745811,2027-07-23,Saleable,3566,2026-02-28
PH10367,36740921,2027-09-27,Saleable,4602,2026-02-28
PH10368,36858159,2027-04-07,Saleable,1232,2026-02-28
PH10368,36824755,2027-12-01,Saleable,2786,2026-02-28
PH10368,36880335,2028-07-19,Saleable,2065,2026-02-28
PH10369,36936821,2026-08-03,Saleable,19,2026-02-28
PH10369,36927434,2027-01-05,Saleable,31,2026-02-28
PH10370,37052620,2029-02-03,Saleable,1150,2026-02-28
PH10370,37046549,2029-01-28,Saleable,2478,2026-02-28
PH10370,37088567,2028-10-13,Saleable,39,2026-02-28
PH10371,37163168,2027-01-07,Saleable,2864,2026-02-28
PH10372,37229049,2026-12-27,Saleable,745,2026-02-28
PH10372,37235726,2028-03-19,Saleable,2052,2026-02-28
PH10373,37330313,2028-04-28,Saleable,2930,2026-02-28
PH10373,37389000,2025-06-15,Expired,234,2026-02-28
PH10374,37497444,2028-07-04,Saleable,967,2026-02-28
PH10375,37588475,2027-07-02,Saleable,4536,2026-02-28
PH10376,37649542,2028-11-29,Saleable,78,2026-02-28
PH10376,37669770,2028-09-06,Saleable,2693,2026-02-28
PH10376,37665765,2027-01-27,Saleable,2195,2026-02-28
PH10377,37781535,2027-05-08,Saleable,672,2026-02-28
PH10378,37890470,2029-01-07,Saleable,3289,2026-02-28
PH10379,37997696,2027-05-20,Saleable,107,2026-02-28
PH10379,37972226,2028-02-18,Saleable,1100,2026-02-28
PH10379,37962793,2026-06-06,Sample,24,2026-02-28
PH10380,38016540,2028-06-30,Saleable,1508,2026-02-28
PH10380,38028631,2026-05-21,Damaged,45,2026-02-28
PH10381,38172470,2027-04-29,Saleable,927,2026-02-28
PH10381,38182289,2028-08-14,Saleable,2958,2026-02-28
PH10381,38130743,2028-08-28,Saleable,2698,2026-02-28
PH10381,38129418,2028-05-22,Saleable,1094,2026-02-28
PH10382,38251422,2028-04-26,Saleable,3362,2026-02-28
PH10383,38338432,2027-10-08,Saleable,669,2026-02-28
PH10383,38394678,2029-01-05,Saleable,65,2026-02-28
PH10384,38452409,2028-08-26,Saleable,148,2026-02-28
PH10384,38473200,2028-06-08,Saleable,238,2026-02-28
PH10384,38470132,2027-12-20,Saleable,228,2026-02-28
PH10385,38548301,2027-06-20,Saleable,3466,2026-02-28
PH10386,38681245,2027-02-07,Saleable,392,2026-02-28
PH10386,38620424,2027-07-16,Saleable,230,2026-02-28
PH10386,38670707,2027-03-01,Saleable,15,2026-02-28
PH10387,38770605,2027-11-20,Saleable,1883,2026-02-28
PH10388,38899038,2026-09-12,Saleable,100,2026-02-28
PH10388,38831800,2028-04-02,Saleable,454,2026-02-28
PH10388,38811535,2027-07-29,Saleable,25,2026-02-28
PH10388,38824539,2027-10-28,FOC,29,2026-02-28
PH10388,38827195,2027-01-14,Damaged,17,2026-02-28
PH10389,38911895,2028-10-14,Saleable,2641,2026-02-28
PH10389,38981119,2027-12-22,Saleable,834,2026-02-28
PH10389,38927400,2027-04-02,Sample,69,2026-02-28
PH10390,39066827,2028-12-05,Saleable,7,2026-02-28
PH10390,39011210,2027-07-10,Saleable,3,2026-02-28
PH10390,39058705,2026-08-13,Saleable,10,2026-02-28
PH10390,39077495,2026-10-18,Saleable,3,2026-02-28
PH10391,39195271,2026-12-23,Saleable,684,2026-02-28
PH10391,39115610,2028-09-22,Saleable,1250,2026-02-28
PH10392,39276261,2028-05-22,Saleable,278,2026-02-28
PH10392,39257343,2027-03-23,Saleable,545,2026-02-28
PH10393,39388814,2026-10-06,Saleable,62,2026-02-28
PH10393,39355944,2028-09-21,Saleable,424,2026-02-28
PH10393,39318626,2028-09-12,Saleable,159,2026-02-28
PH10393,39310515,2026-11-20,Saleable,102,2026-02-28
PH10394,39434950,2028-03-22,Saleable,5276,2026-02-28
PH10395,39551882,2027-04-13,Saleable,3079,2026-02-28
PH10395,39541269,2026-07-18,Sample,61,2026-02-28
PH10396,39699782,2027-08-05,Saleable,281,2026-02-28
PH10396,39628667,2028-08-05,Saleable,1626,2026-02-28
PH10396,39624023,2028-09-26,Saleable,4406,2026-02-28
PH10397,39796135,2026-08-07,Saleable,6,2026-02-28
PH10397,39773648,2028-12-20,Saleable,695,2026-02-28
PH10397,39789169,2026-08-03,FOC,35,2026-02-28
PH10398,39867570,2026-06-17,Saleable,2240,2026-02-28
PH10398,39845000,2027-01-16,Saleable,1597,2026-02-28
PH10398,39856053,2026-09-19,Saleable,2266,2026-02-28
PH10398,39882708,2027-06-20,Saleable,9110,2026-02-28
PH10398,39846871,2026-11-11,FOC,760,2026-02-28
PH10399,39954036,2027-02-01,Saleable,1535,2026-02-28
PH10399,39991736,2027-06-14,Saleable,1501,2026-02-28
PH10399,39976249,2027-11-21,Saleable,554,2026-02-28
PH10400,40041724,2026-07-19,Saleable,31737,2026-02-28
PH10400,40043446,2027-12-02,FOC,1586,2026-02-28
PH10401,40147429,2027-01-02,Saleable,1783,2026-02-28
PH10401,40140736,2026-11-07,Saleable,2103,2026-02-28
PH10401,40129381,2027-08-21,Saleable,354,2026-02-28
PH10402,40243970,2026-11-07,Saleable,743,2026-02-28
PH10403,40339154,2027-08-03,Saleable,1439,2026-02-28
PH10403,40396870,2026-11-04,Saleable,344,2026-02-28
PH10403,40387913,2027-06-01,Saleable,1802,2026-02-28
PH10403,40334402,2026-10-15,FOC,179,2026-02-28
PH10404,40452091,2026-08-18,Saleable,197,2026-02-28
PH10404,40442726,2028-01-20,Saleable,496,2026-02-28
PH10404,40445135,2028-11-23,Saleable,4093,2026-02-28
PH10405,40591808,2028-09-03,Saleable,1478,2026-02-28
PH10405,40531735,2028-06-17,Saleable,41,2026-02-28
PH10405,40584273,2028-12-16,Saleable,2564,2026-02-28
PH10406,40670301,2027-12-10,Saleable,2787,2026-02-28
PH10406,40693091,2027-09-05,Saleable,3196,2026-02-28
PH10406,40657959,2027-06-03,FOC,299,2026-02-28
PH10406,40691563,2027-05-15,Damaged,179,2026-02-28
PH10407,40796506,2028-12-20,Saleable,3064,2026-02-28
PH10408,40899132,2027-10-09,Saleable,176,2026-02-28
PH10408,40855844,2028-09-02,Saleable,1619,2026-02-28
PH10408,40855679,2025-08-19,Expired,143,2026-02-28
PH10409,40928333,2027-10-03,Saleable,505,2026-02-28
PH10409,40930930,2027-05-10,Saleable,2145,2026-02-28
PH10410,41012846,2027-10-11,Saleable,328,2026-02-28
PH10411,41172546,2027-07-07,Saleable,288,2026-02-28
PH10411,41180859,2026-09-06,Damaged,8,2026-02-28
PH10412,41298715,2027-07-11,Saleable,400,2026-02-28
PH10413,41359412,2026-08-24,Saleable,484,2026-02-28
PH10414,41487953,2027-09-03,Saleable,4692,2026-02-28
PH10415,41541534,2027-10-27,Saleable,1197,2026-02-28
PH10415,41591738,2028-11-12,Saleable,134,2026-02-28
PH10416,41694801,2027-11-14,Saleable,1259,2026-02-28
PH10416,41630876,2027-02-06,Saleable,363,2026-02-28
PH10417,41757422,2028-05-11,Saleable,351,2026-02-28
PH10417,41729365,2027-07-11,Saleable,401,2026-02-28
PH10417,41789073,2027-05-31,Saleable,625,2026-02-28
PH10418,41834527,2028-12-04,Saleable,400,2026-02-28
PH10419,41968193,2028-12-19,Saleable,2665,2026-02-28
PH10420,42064885,2027-05-24,Saleable,27727,2026-02-28
PH10420,42030062,2028-02-21,Saleable,7188,2026-02-28
PH10421,42149222,2028-05-29,Saleable,2000,2026-02-28
PH10421,42133367,2026-09-18,Saleable,489,2026-02-28
PH10422,42289696,2027-02-12,Saleable,480,2026-02-28
PH10423,42334920,2028-10-01,Saleable,1161,2026-02-28
PH10423,42343561,2027-05-23,Sample,23,2026-02-28
PH10424,42438065,2028-10-21,Saleable,8,2026-02-28
PH10424,42486792,2027-08-16,Saleable,9,2026-02-28
PH10424,42447489,2027-08-04,Sample,1,2026-02-28
PH10425,42584574,2027-06-02,Saleable,6463,2026-02-28
PH10426,42628182,2027-06-18,Saleable,10207,2026-02-28
PH10426,42653015,2027-04-06,Saleable,17762,2026-02-28
PH10426,42632807,2025-12-25,Expired,2237,2026-02-28
PH10427,42733627,2027-11-19,Saleable,1182,2026-02-28
PH10427,42797649,2026-11-12,Saleable,53448,2026-02-28
PH10427,42745699,2027-11-03,Saleable,1275,2026-02-28
PH10428,42887507,2028-09-01,Saleable,125,2026-02-28
PH10429,42932684,2028-09-14,Saleable,261,2026-02-28
PH10429,42943770,2027-03-24,Saleable,1031,2026-02-28
PH10429,42979588,2028-03-14,Saleable,108,2026-02-28
PH10430,43074363,2027-11-15,Saleable,3248,2026-02-28
PH10430,43020865,2027-04-09,Saleable,1156,2026-02-28
PH10431,43181073,2028-03-19,Saleable,705,2026-02-28
PH10432,43282227,2028-09-29,Saleable,38967,2026-02-28
PH10433,43310741,2026-12-11,Saleable,1,2026-02-28
PH10433,43381792,2028-04-06,Saleable,19,2026-02-28
PH10433,43398063,2027-12-19,FOC,1,2026-02-28
PH10433,43389473,2027-11-05,Damaged,1,2026-02-28
PH10434,43412878,2027-12-27,Saleable,10053,2026-02-28
PH10435,43554129,2027-05-05,Saleable,1148,2026-02-28
PH10435,43559780,2028-04-01,Saleable,596,2026-02-28
PH10435,43522661,2026-08-19,Saleable,2054,2026-02-28
PH10435,43528550,2027-12-27,Saleable,1153,2026-02-28
PH10435,43534935,2026-08-02,Saleable,345,2026-02-28
PH10436,43695221,2028-01-18,Saleable,21,2026-02-28
PH10436,43682735,2028-01-18,Saleable,282,2026-02-28
PH10436,43639677,2028-07-21,Saleable,20,2026-02-28
PH10437,43753836,2026-10-29,Saleable,20,2026-02-28
PH10438,43819207,2026-12-24,Saleable,3611,2026-02-28
PH10439,43984884,2026-07-29,Saleable,2310,2026-02-28
PH10440,44020652,2028-09-27,Saleable,273,2026-02-28
PH10440,44061696,2027-05-09,Saleable,3342,2026-02-28
PH10440,44086986,2027-06-16,Saleable,23,2026-02-28
PH10440,44018442,2026-12-01,Saleable,1272,2026-02-28
PH10441,44149259,2028-07-28,Saleable,845,2026-02-28
PH10441,44182063,2028-10-02,Saleable,438,2026-02-28
PH10442,44210030,2026-08-05,Saleable,3067,2026-02-28
PH10443,44336351,2028-11-30,Saleable,122,2026-02-28
PH10443,44370082,2028-01-29,Saleable,1878,2026-02-28
PH10443,44396138,2029-02-05,Saleable,255,2026-02-28
PH10444,44440263,2027-10-25,Saleable,1235,2026-02-28
PH10444,44450096,2027-01-10,Saleable,2609,2026-02-28
PH10444,44460486,2027-04-25,Saleable,8074,2026-02-28
PH10444,44453392,2028-11-06,Saleable,881,2026-02-28
PH10445,44514380,2026-06-25,Saleable,15,2026-02-28
PH10445,44564281,2027-09-14,Saleable,26,2026-02-28
PH10445,44526029,2027-01-17,Damaged,1,2026-02-28
PH10446,44699824,2027-01-26,Saleable,5135,2026-02-28
PH10446,44614783,2026-06-21,Saleable,4670,2026-02-28
PH10446,44685824,2027-02-05,Damaged,294,2026-02-28
PH10447,44777959,2026-10-26,Saleable,1041,2026-02-28
PH10448,44848462,2026-07-26,Saleable,115,2026-02-28
PH10448,44868093,2028-02-04,Saleable,218,2026-02-28
PH10448,44888385,2027-10-23,Sample,6,2026-02-28
PH10449,44947270,2026-08-06,Saleable,4412,2026-02-28
PH10450,45069910,2026-11-19,Saleable,190,2026-02-28
PH10450,45077243,2027-05-29,Sample,3,2026-02-28
PH10451,45174971,2027-08-11,Saleable,261,2026-02-28
PH10451,45125373,2027-12-19,Saleable,2969,2026-02-28
PH10452,45254167,2028-01-12,Saleable,611,2026-02-28
PH10452,45224121,2027-02-04,Saleable,581,2026-02-28
PH10452,45267929,2027-09-01,FOC,59,2026-02-28
PH10453,45347673,2026-05-30,Saleable,36,2026-02-28
PH10453,45376151,2028-06-07,Saleable,278,2026-02-28
PH10454,45430201,2027-02-16,Saleable,2236,2026-02-28
PH10454,45470342,2026-11-11,Saleable,914,2026-02-28
PH10455,45578810,2029-01-17,Saleable,63,2026-02-28
PH10455,45541051,2028-10-11,Saleable,86,2026-02-28
PH10456,45655292,2026-08-02,Saleable,38983,2026-02-28
PH10457,45731830,2027-08-06,Saleable,16557,2026-02-28
PH10458,45896895,2026-09-28,Saleable,52,2026-02-28
PH10458,45810180,2029-01-31,Saleable,4,2026-02-28
PH10459,45974077,2026-09-27,Saleable,1400,2026-02-28
PH10460,46056460,2026-08-24,Saleable,32,2026-02-28
PH10460,46062032,2028-09-16,Saleable,9,2026-02-28
PH10460,46086256,2026-08-12,Saleable,9,2026-02-28
PH10460,46063548,2028-05-20,Saleable,2,2026-02-28
PH10460,46069960,2026-12-31,Saleable,60,2026-02-28
PH10460,46044127,2026-08-08,FOC,5,2026-02-28
PH10461,46174021,2027-11-09,Saleable,19,2026-02-28
PH10461,46135561,2028-11-21,Saleable,329,2026-02-28
PH10461,46137150,2028-01-05,Saleable,868,2026-02-28
PH10461,46181236,2026-01-13,Expired,97,2026-02-28
PH10461,46167078,2028-01-18,Damaged,36,2026-02-28
PH10462,46275608,2028-11-30,Saleable,49458,2026-02-28
PH10462,46298845,2028-10-14,Saleable,7042,2026-02-28
PH10462,46250856,2028-01-17,Saleable,2118,2026-02-28
PH10463,46334019,2027-10-01,Saleable,684,2026-02-28
PH10464,46424924,2027-09-11,Saleable,821,2026-02-28
PH10464,46490794,2028-01-02,Saleable,110,2026-02-28
PH10464,46498391,2026-08-16,FOC,46,2026-02-28
PH10465,46579418,2027-06-18,Saleable,5042,2026-02-28
PH10466,46641447,2028-01-12,Saleable,58,2026-02-28
PH10466,46643660,2026-10-27,Saleable,263,2026-02-28
PH10466,46633937,2027-12-24,Saleable,380,2026-02-28
PH10466,46650342,2027-02-16,FOC,35,2026-02-28
PH10467,46796165,2027-07-08,Saleable,2718,2026-02-28
PH10467,46772346,2026-07-26,FOC,135,2026-02-28
PH10468,46832528,2026-10-01,Saleable,872,2026-02-28
PH10469,46991220,2026-07-08,Saleable,1131,2026-02-28
PH10469,46932187,2027-06-05,Saleable,596,2026-02-28
PH10470,47044194,2027-09-29,Saleable,1961,2026-02-28
PH10470,47077498,2027-04-05,Saleable,1714,2026-02-28
PH10471,47127386,2027-02-10,Saleable,2079,2026-02-28
PH10472,47254989,2027-09-13,Saleable,214,2026-02-28
PH10473,47378742,2028-11-27,Saleable,22,2026-02-28
PH10473,47399219,2029-01-22,Saleable,711,2026-02-28
PH10473,47352089,2026-06-28,FOC,36,2026-02-28
PH10474,47445761,2027-05-20,Saleable,2406,2026-02-28
PH10475,47562872,2028-09-12,Saleable,6594,2026-02-28
PH10475,47571147,2028-08-13,Saleable,52,2026-02-28
PH10476,47661863,2026-10-04,Saleable,307,2026-02-28
PH10477,47768537,2028-10-18,Saleable,24,2026-02-28
PH10478,47857787,2027-07-13,Saleable,763,2026-02-28
PH10478,47813871,2028-04-25,Saleable,850,2026-02-28
PH10478,47863057,2027-03-11,FOC,80,2026-02-28
PH10479,47921370,2027-06-02,Saleable,2269,2026-02-28
PH10479,47940901,2027-11-10,Saleable,5080,2026-02-28
PH10479,47989835,2027-02-19,Saleable,3573,2026-02-28
PH10479,47932231,2025-04-03,Expired,873,2026-02-28
PH10480,48099769,2028-04-01,Saleable,9421,2026-02-28
PH10480,48078209,2026-12-28,Saleable,2438,2026-02-28
PH10481,48184389,2028-12-14,Saleable,1579,2026-02-28
PH10482,48240198,2028-05-13,Saleable,772,2026-02-28
PH10483,48350268,2026-12-23,Saleable,155,2026-02-28
PH10484,48471276,2027-09-09,Saleable,176,2026-02-28
PH10485,48583584,2026-12-29,Saleable,621,2026-02-28
PH10485,48558373,2027-10-02,Saleable,540,2026-02-28
PH10485,48526694,2027-09-25,Damaged,34,2026-02-28
PH10486,48699470,2028-08-20,Saleable,944,2026-02-28
PH10486,48624047,2029-01-02,Saleable,346,2026-02-28
PH10487,48755846,2027-04-19,Saleable,96,2026-02-28
PH10487,48719071,2026-06-16,Saleable,773,2026-02-28
PH10487,48798592,2029-01-07,Saleable,170,2026-02-28
PH10487,48730024,2027-02-11,FOC,52,2026-02-28
PH10487,48718136,2028-02-04,Sample,20,2026-02-28
PH10487,48771337,2026-01-22,Expired,83,2026-02-28
PH10488,48819908,2028-09-01,Saleable,13559,2026-02-28
PH10488,48895687,2025-09-16,Expired,1084,2026-02-28
PH10489,48999548,2028-11-01,Saleable,73,2026-02-28
PH10489,48960896,2026-08-04,Saleable,12173,2026-02-28
PH10490,49046635,2029-01-16,Saleable,113,2026-02-28
PH10490,49019436,2027-09-20,Saleable,2241,2026-02-28
PH10490,49021817,2028-06-28,Saleable,186,2026-02-28
PH10491,49118216,2028-08-17,Saleable,6949,2026-02-28
PH10491,49177483,2027-03-17,Sample,138,2026-02-28
PH10492,49259203,2026-08-01,Saleable,22,2026-02-28
PH10492,49214225,2027-09-06,Saleable,247,2026-02-28
PH10493,49313365,2028-10-08,Saleable,1037,2026-02-28
PH10494,49483626,2026-11-06,Saleable,4628,2026-02-28
PH10495,49542940,2027-05-07,Saleable,82,2026-02-28
PH10495,49532280,2028-06-08,Saleable,11,2026-02-28
PH10495,49590345,2027-04-19,FOC,4,2026-02-28
PH10496,49668488,2027-08-30,Saleable,919,2026-02-28
PH10496,49636657,2026-07-05,Saleable,6943,2026-02-28
PH10497,49796252,2028-07-27,Saleable,18074,2026-02-28
PH10498,49894339,2028-09-25,Saleable,7997,2026-02-28
PH10498,49823507,2026-09-24,Saleable,5228,2026-02-28
PH10499,49987565,2027-03-21,Saleable,767,2026-02-28
PH10499,49923093,2026-07-09,Saleable,27,2026-02-28
PH10499,49918711,2028-02-19,Saleable,291,2026-02-28
PH10499,49938098,2027-01-11,FOC,54,2026-02-28
PH10500,50088794,2027-05-13,Saleable,401,2026-02-28
PH10500,50037228,2027-05-06,Saleable,862,2026-02-28
PH10501,50191914,2028-07-06,Saleable,3384,2026-02-28
PH10501,50146443,2029-01-19,Saleable,277,2026-02-28
PH10501,50170483,2027-02-22,Saleable,1614,2026-02-28
PH10502,50211002,2026-10-26,Saleable,14962,2026-02-28
PH10502,50245494,2028-11-16,Saleable,34053,2026-02-28
PH10503,50398255,2027-12-26,Saleable,13315,2026-02-28
PH10504,50441542,2027-01-27,Saleable,19,2026-02-28
PH10504,50454814,2029-01-06,Saleable,23,2026-02-28
PH10504,50433366,2028-10-19,Saleable,47,2026-02-28
PH10504,50458418,2025-07-26,Expired,7,2026-02-28
PH10505,50521975,2027-10-01,Saleable,164,2026-02-28
PH10505,50532787,2027-12-08,FOC,8,2026-02-28
PH10506,50652234,2027-01-15,Saleable,460,2026-02-28
PH10507,50776408,2026-07-10,Saleable,2526,2026-02-28
PH10508,50831081,2028-04-02,Saleable,195,2026-02-28
PH10508,50863512,2028-07-11,Saleable,128,2026-02-28
PH10509,50933761,2027-07-02,Saleable,7,2026-02-28
PH10509,50926289,2026-09-17,Saleable,67,2026-02-28
PH10509,50923576,2026-08-25,Saleable,20,2026-02-28
PH10509,50950844,2027-12-22,Saleable,167,2026-02-28
PH10510,51054882,2028-01-19,Saleable,2182,2026-02-28
PH10510,51055969,2028-03-14,Saleable,16430,2026-02-28
PH10510,51020536,2027-11-10,Saleable,30584,2026-02-28
PH10510,51017804,2026-09-12,Sample,983,2026-02-28
PH10511,51117409,2027-10-29,Saleable,144,2026-02-28
PH10511,51173508,2028-06-21,Saleable,132,2026-02-28
PH10512,51220824,2026-12-05,Saleable,1402,2026-02-28
PH10512,51268748,2028-09-09,Saleable,3290,2026-02-28
PH10513,51355999,2029-01-08,Saleable,3576,2026-02-28
PH10514,51421202,2029-01-14,Saleable,5513,2026-02-28
PH10515,51569220,2026-06-16,Saleable,7054,2026-02-28
PH10515,51543862,2028-02-13,Saleable,27,2026-02-28
PH10516,51687341,2027-01-31,Saleable,142,2026-02-28
PH10517,51747751,2026-06-23,Saleable,401,2026-02-28
PH10517,51732884,2028-10-27,Saleable,807,2026-02-28
PH10517,51786859,2025-05-23,Expired,96,2026-02-28
PH10518,51887180,2027-07-27,Saleable,149,2026-02-28
PH10519,51999458,2029-01-02,Saleable,36,2026-02-28
PH10519,51981406,2028-12-31,Saleable,5,2026-02-28
PH10520,52045974,2028-06-23,Saleable,1687,2026-02-28
PH10520,52026616,2027-05-08,Saleable,969,2026-02-28
PH10521,52126301,2028-02-05,Saleable,3919,2026-02-28
PH10521,52183436,2027-04-22,FOC,195,2026-02-28
PH10521,52168791,2027-06-17,Sample,78,2026-02-28
PH10521,52185851,2026-06-25,Damaged,117,2026-02-28
PH10522,52248252,2027-03-08,Saleable,3948,2026-02-28
PH10522,52214312,2026-09-09,Sample,78,2026-02-28
PH10523,52371497,2027-06-20,Saleable,1342,2026-02-28
PH10523,52372980,2028-05-05,Saleable,1229,2026-02-28
PH10524,52485634,2028-06-06,Saleable,540,2026-02-28
PH10524,52448153,2026-06-06,Saleable,324,2026-02-28
PH10525,52583132,2027-06-27,Saleable,404,2026-02-28
PH10525,52584479,2026-09-29,Saleable,211,2026-02-28
PH10526,52643938,2028-05-07,Saleable,25,2026-02-28
PH10526,52684388,2028-01-04,Saleable,24,2026-02-28
PH10526,52643082,2026-12-05,Saleable,70,2026-02-28
PH10526,52662442,2026-10-14,Saleable,10,2026-02-28
PH10526,52691357,2025-06-30,Expired,10,2026-02-28
PH10527,52761588,2028-10-22,Saleable,1450,2026-02-28
PH10528,52855905,2027-09-11,Saleable,4010,2026-02-28
PH10528,52833105,2026-10-18,Saleable,1660,2026-02-28
PH10529,52910099,2028-10-13,Saleable,4501,2026-02-28
PH10529,52916903,2027-03-02,Saleable,5833,2026-02-28
PH10530,53016643,2026-11-09,Saleable,5160,2026-02-28
PH10530,53097041,2026-02-09,Expired,412,2026-02-28
PH10531,53198805,2028-11-17,Saleable,377,2026-02-28
PH10531,53131980,2028-10-11,Saleable,193,2026-02-28
PH10532,53227807,2028-12-22,Saleable,1660,2026-02-28
PH10532,53274851,2028-03-10,Saleable,554,2026-02-28
PH10532,53241378,2026-10-04,Saleable,1817,2026-02-28
PH10532,53222620,2027-01-19,Sample,80,2026-02-28
SG20001,00188142,2029-01-04,Saleable,890,2026-02-28
SG20001,00164625,2027-07-30,Saleable,609,2026-02-28
SG20001,00170994,2027-11-23,Sample,30,2026-02-28
SG20002,00243028,2027-10-27,Saleable,290,2026-02-28
SG20003,00360325,2026-11-14,Saleable,590,2026-02-28
SG20003,00371717,2027-03-07,Saleable,377,2026-02-28
SG20004,00465097,2027-11-01,Saleable,2027,2026-02-28
SG20005,00549295,2027-10-22,Saleable,74,2026-02-28
SG20005,00586981,2028-09-18,Saleable,754,2026-02-28
SG20006,00671779,2028-05-13,Saleable,9289,2026-02-28
SG20007,00789332,2027-05-13,Saleable,331,2026-02-28
SG20007,00772143,2028-05-07,Saleable,503,2026-02-28
SG20007,00775474,2028-10-04,Saleable,620,2026-02-28
SG20008,00840471,2026-10-25,Saleable,8130,2026-02-28
SG20009,00999207,2027-05-10,Saleable,5252,2026-02-28
SG20010,01038806,2027-12-04,Saleable,8816,2026-02-28
SG20010,01086848,2027-08-08,Saleable,3198,2026-02-28
SG20011,01196484,2026-06-06,Saleable,11473,2026-02-28
SG20012,01245040,2027-10-15,Saleable,2084,2026-02-28
SG20012,01221120,2028-03-01,Saleable,25,2026-02-28
SG20013,01372900,2028-09-08,Saleable,2293,2026-02-28
SG20014,01431713,2026-06-05,Saleable,2972,2026-02-28
SG20014,01491573,2026-09-30,Saleable,1403,2026-02-28
SG20015,01522989,2027-03-23,Saleable,2911,2026-02-28
SG20015,01525590,2025-09-21,Expired,232,2026-02-28
SG20016,01645301,2026-09-15,Saleable,2244,2026-02-28
SG20016,01665764,2027-02-16,Saleable,11057,2026-02-28
SG20017,01717022,2028-08-08,Saleable,7369,2026-02-28
SG20018,01879524,2028-05-26,Saleable,503,2026-02-28
SG20018,01887905,2029-02-11,Saleable,690,2026-02-28
SG20019,01983473,2026-12-26,Saleable,1239,2026-02-28
SG20020,02063862,2027-04-28,Saleable,3898,2026-02-28
SG20020,02074253,2028-10-18,Saleable,6722,2026-02-28
SG20021,02117750,2027-03-07,Saleable,461,2026-02-28
SG20021,02123535,2026-09-08,Saleable,50985,2026-02-28
SG20022,02252174,2027-10-04,Saleable,1609,2026-02-28
SG20022,02238411,2028-10-17,Saleable,4468,2026-02-28
SG20023,02361328,2027-01-15,Saleable,953,2026-02-28
SG20023,02334572,2025-11-26,Expired,76,2026-02-28
SG20024,02428703,2028-12-15,Saleable,1204,2026-02-28
SG20025,02556201,2028-07-24,Saleable,13,2026-02-28
SG20025,02565515,2027-07-24,Saleable,757,2026-02-28
SG20025,02544080,2027-09-24,Saleable,23,2026-02-28
SG20025,02546178,2027-09-19,Saleable,54,2026-02-28
SG20026,02618434,2029-02-03,Saleable,2303,2026-02-28
SG20026,02682063,2027-08-16,Saleable,902,2026-02-28
SG20026,02669758,2028-12-22,Saleable,3,2026-02-28
SG20027,02714680,2028-08-04,Saleable,1029,2026-02-28
SG20028,02850506,2027-01-06,Saleable,62,2026-02-28
SG20028,02848698,2027-03-17,Saleable,929,2026-02-28
SG20029,02916331,2026-11-12,Saleable,43,2026-02-28
SG20030,03080769,2027-09-19,Saleable,826,2026-02-28
SG20031,03113549,2028-07-04,Saleable,87,2026-02-28
SG20031,03111414,2028-01-01,Saleable,554,2026-02-28
SG20031,03199532,2027-11-15,Saleable,1585,2026-02-28
SG20031,03194681,2027-12-06,Saleable,154,2026-02-28
SG20032,03246096,2028-07-06,Saleable,1713,2026-02-28
SG20032,03256296,2027-05-04,Saleable,6030,2026-02-28
SG20033,03363359,2026-07-12,Saleable,304,2026-02-28
SG20033,03369720,2027-10-28,Saleable,712,2026-02-28
SG20033,03318899,2027-08-19,Sample,20,2026-02-28
SG20034,03415528,2026-10-22,Saleable,27249,2026-02-28
SG20035,03546951,2026-07-13,Saleable,27,2026-02-28
SG20035,03591215,2025-07-03,Expired,2,2026-02-28
SG20036,03658986,2027-05-25,Saleable,13,2026-02-28
SG20036,03647869,2026-10-16,Saleable,14686,2026-02-28
SG20037,03758754,2027-09-26,Saleable,17,2026-02-28
SG20037,03736708,2028-02-28,Saleable,13,2026-02-28
SG20037,03741126,2027-03-02,Saleable,3,2026-02-28
SG20038,03826080,2028-07-19,Saleable,3040,2026-02-28
SG20038,03885650,2027-10-20,Saleable,935,2026-02-28
SG20039,03954796,2027-10-23,Saleable,62,2026-02-28
SG20039,03977379,2027-09-16,Saleable,4104,2026-02-28
SG20040,04024205,2028-01-31,Saleable,363,2026-02-28
SG20040,04059856,2026-10-16,Saleable,490,2026-02-28
SG20041,04161641,2027-11-11,Saleable,11441,2026-02-28
SG20041,04196300,2028-04-16,Saleable,14565,2026-02-28
SG20041,04199331,2027-10-27,Saleable,7964,2026-02-28
SG20041,04189984,2028-03-05,Saleable,37864,2026-02-28
SG20042,04219241,2026-09-23,Saleable,160,2026-02-28
SG20042,04297618,2027-12-07,Saleable,349,2026-02-28
SG20043,04386964,2027-12-22,Saleable,5002,2026-02-28
SG20043,04371707,2028-04-30,Saleable,17693,2026-02-28
SG20043,04366325,2027-03-25,Saleable,3357,2026-02-28
SG20044,04469484,2027-07-19,Saleable,25,2026-02-28
SG20044,04465167,2027-03-06,Saleable,5,2026-02-28
SG20044,04442177,2028-09-25,Saleable,9,2026-02-28
SG20045,04562299,2026-09-29,Saleable,6,2026-02-28
SG20045,04516696,2027-10-01,Saleable,4,2026-02-28
SG20045,04542669,2028-03-10,Saleable,14,2026-02-28
SG20046,04615118,2028-02-11,Saleable,1137,2026-02-28
SG20046,04681411,2028-03-19,Saleable,76,2026-02-28
SG20046,04674979,2026-11-09,Saleable,363,2026-02-28
SG20046,04640290,2025-03-18,Expired,126,2026-02-28
SG20047,04770308,2028-12-06,Saleable,18,2026-02-28
SG20048,04873587,2027-02-06,Saleable,116,2026-02-28
SG20048,04870628,2026-06-16,Saleable,27,2026-02-28
SG20048,04875104,2026-11-10,Damaged,4,2026-02-28
SG20049,04929688,2028-10-01,Saleable,45,2026-02-28
SG20050,05091853,2027-10-15,Saleable,120,2026-02-28
SG20050,05061499,2026-10-13,Saleable,395,2026-02-28
SG20051,05129155,2027-01-16,Saleable,636,2026-02-28
SG20051,05125074,2026-10-30,Saleable,308,2026-02-28
SG20052,05296840,2029-01-07,Saleable,1019,2026-02-28
SG20053,05390994,2026-07-23,Saleable,1452,2026-02-28
SG20054,05440907,2027-05-29,Saleable,2471,2026-02-28
SG20055,05520940,2028-11-24,Saleable,2864,2026-02-28
SG20056,05635312,2028-08-21,Saleable,988,2026-02-28
SG20056,05697159,2026-06-27,Saleable,49,2026-02-28
SG20056,05650366,2028-05-02,Saleable,456,2026-02-28
SG20056,05647603,2026-10-07,Saleable,325,2026-02-28
SG20057,05744635,2028-01-11,Saleable,3,2026-02-28
SG20057,05749908,2026-12-04,Saleable,9,2026-02-28
SG20057,05725482,2028-12-14,Saleable,7,2026-02-28
SG20058,05861729,2027-05-28,Saleable,1008,2026-02-28
SG20059,05986546,2028-03-13,Saleable,676,2026-02-28
SG20060,06012048,2028-02-15,Saleable,732,2026-02-28
SG20060,06043481,2026-10-08,Saleable,514,2026-02-28
SG20061,06173562,2027-03-29,Saleable,10,2026-02-28
SG20062,06246205,2027-10-01,Saleable,2054,2026-02-28
SG20063,06354833,2027-10-23,Saleable,172,2026-02-28
SG20064,06491761,2028-06-17,Saleable,2107,2026-02-28
SG20064,06457587,2027-06-22,Sample,42,2026-02-28
SG20065,06564786,2027-10-13,Saleable,315,2026-02-28
SG20065,06523603,2028-10-03,Saleable,85,2026-02-28
SG20066,06686996,2026-07-10,Saleable,464,2026-02-28
SG20066,06697005,2027-11-18,Saleable,558,2026-02-28
SG20067,06732135,2026-11-28,Saleable,1517,2026-02-28
SG20067,06790216,2027-01-26,Saleable,782,2026-02-28
SG20068,06863913,2026-12-11,Saleable,1352,2026-02-28
SG20068,06847416,2027-08-16,Sample,27,2026-02-28
