sku,description,principal,category,product_group,storage_condition,units_per_case,case_length_cm,case_width_cm,case_height_cm,case_cbm,case_weight_kg,unit_cost_nzd,ti_cases_per_layer,hi_layers
PH10001,Sertraline 100mg Tablets 100s,Venrick Laboratories,Pharma,Tablets,Below 25C,120,59.6,35.1,23.8,0.04979,8.97,13.84,4,6
PH10002,Pantoprazole 40mg Tablets 30s,Corvane Pharma,Pharma,Tablets,Below 25C,120,30.5,42.5,25.8,0.03344,8.72,11.92,6,5
PH10003,Ibuprofen 200mg Tablets 30s,Halvora Healthcare,Pharma,Tablets,Below 25C,240,47.7,25.2,17.2,0.02068,5.45,5.93,15,5
PH10004,Azithromycin 250mg Tablets 10x10,Arcadine Pharma,Pharma,Tablets,Below 25C,100,33.5,38.9,32.8,0.04274,9.76,19.81,4,2
PH10005,Rosuvastatin 10mg Tablets 2x14,Halvora Healthcare,Pharma,Tablets,Below 25C,240,42.5,32.1,33.2,0.04529,10.17,4.58,6,2
PH10006,Glimepiride 4mg Tablets 100s,Venrick Laboratories,Pharma,Tablets,Below 25C,240,33.8,35.2,29.2,0.03474,7.99,6.36,6,5
PH10007,Carvedilol 25mg Tablets 3x10,Halvora Healthcare,Pharma,Tablets,Below 25C,60,39.6,36.3,22.8,0.03277,5.82,21.36,5,4
PH10008,Carvedilol 6.25mg Tablets 3x10,Corvane Pharma,Pharma,Tablets,Below 25C,180,45.4,42.7,32.1,0.06223,10.24,3.96,4,4
PH10009,Rosuvastatin 20mg Tablets 3x10,Venrick Laboratories,Pharma,Tablets,Below 25C,120,55.2,41.5,22.7,0.052,13.63,9.25,3,5
PH10010,Carvedilol 25mg Tablets 100s,Halvora Healthcare,Pharma,Tablets,Below 25C,100,44.2,42.9,31.3,0.05935,14.98,18.36,2,4
PH10011,Loratadine 10mg Tablets 2x14,Dunmore Therapeutics,Pharma,Tablets,Below 25C,100,42.1,41.5,24.3,0.04246,12.1,22.89,4,5
PH10012,Levothyroxine 100mcg Tablets 2x14,Marwick Pharmaceuticals,Pharma,Tablets,Below 25C,120,34.4,38.0,29.8,0.03895,6.78,20.01,6,4
PH10013,Rosuvastatin 10mg Tablets 3x10,Halvora Healthcare,Pharma,Tablets,Below 25C,100,34.5,39.6,16.5,0.02254,5.61,8.74,6,6
PH10014,Pantoprazole 20mg Tablets 3x10,Marwick Pharmaceuticals,Pharma,Tablets,Below 25C,100,44.0,30.7,25.3,0.03418,9.14,23.67,6,2
PH10015,Atorvastatin 40mg Tablets 3x10,Dunmore Therapeutics,Pharma,Tablets,Below 25C,180,41.4,42.5,16.9,0.02974,6.13,4.15,4,7
PH10016,Prednisolone 25mg Tablets 3x10,Corvane Pharma,Pharma,Tablets,Below 25C,100,55.1,34.7,34.2,0.06539,12.13,17.11,4,3
PH10017,Furosemide 40mg Tablets 3x10,Corvane Pharma,Pharma,Tablets,Below 25C,100,30.9,35.5,24.5,0.02688,5.26,7.72,9,6
PH10018,Simvastatin 20mg Tablets 10x10,Venrick Laboratories,Pharma,Tablets,Below 25C,100,57.9,37.0,18.1,0.03878,8.03,16.69,3,7
PH10019,Ibuprofen 400mg Tablets 30s,Marwick Pharmaceuticals,Pharma,Tablets,Below 25C,120,50.5,30.7,31.6,0.04899,8.95,7.84,4,3
PH10020,Ciprofloxacin 500mg Tablets 3x10,Marwick Pharmaceuticals,Pharma,Tablets,Below 25C,180,41.9,25.7,16.1,0.1734,2.8,19.02,6,6
PH10021,Prednisolone 5mg Tablets 3x10,Venrick Laboratories,Pharma,Tablets,Below 25C,180,36.4,42.4,33.1,0.05109,7.86,19.51,6,3
PH10022,Escitalopram 20mg Tablets 3x10,Corvane Pharma,Pharma,Tablets,Below 25C,240,46.9,26.6,26.4,0.03294,8.91,8.68,7,4
PH10023,Gliclazide 80mg Tablets 10x10,Arcadine Pharma,Pharma,Tablets,Below 25C,180,37.0,31.6,16.2,0.01894,4.55,3.72,9,8
PH10024,Ciprofloxacin 500mg Tablets 2x14,Corvane Pharma,Pharma,Tablets,Below 25C,60,32.5,43.6,17.5,0.0248,5.25,11.43,6,6
PH10025,Diclofenac 50mg Tablets 10x10,Halvora Healthcare,Pharma,Tablets,Below 25C,100,51.0,34.4,31.2,0.05474,9.81,19.37,4,3
PH10026,Cetirizine 10mg Tablets 2x14,Dunmore Therapeutics,Pharma,Tablets,Below 25C,240,36.6,37.2,27.0,0.03676,9.16,9.61,5,4
PH10027,Simvastatin 20mg Tablets 100s,Corvane Pharma,Pharma,Tablets,Below 25C,100,33.9,42.9,29.6,0.04305,11.9,15.11,6,3
PH10028,Bisoprolol 5mg Tablets 100s,Corvane Pharma,Pharma,Tablets,Below 25C,100,57.9,35.3,19.6,0.04006,6.03,11.09,4,4
PH10029,Gliclazide 80mg Tablets 3x10,Arcadine Pharma,Pharma,Tablets,Below 25C,180,42.1,38.4,18.9,0.03055,8.37,21.04,5,4
PH10030,Allopurinol 300mg Tablets 10x10,Corvane Pharma,Pharma,Tablets,Below 25C,60,56.5,30.2,31.8,0.05426,12.08,3.73,6,2
PH10031,Atorvastatin 20mg Tablets 10x10,Arcadine Pharma,Pharma,Tablets,Below 25C,60,58.7,25.3,0.0,0.03698,8.86,14.21,6,2
PH10032,Pantoprazole 40mg Tablets 10x10,Venrick Laboratories,Pharma,Tablets,Below 25C,100,52.7,39.0,31.5,0.06474,10.75,5.77,4,4
PH10033,Simvastatin 20mg Tablets 30s,Halvora Healthcare,Pharma,Tablets,Below 25C,100,56.1,30.3,32.9,0.05592,10.82,10.85,6,3
PH10034,Ibuprofen 200mg Tablets 3x10,Halvora Healthcare,Pharma,Tablets,Below 25C,60,33.1,33.6,31.0,0.03448,6.29,14.51,9,2
PH10035,Metoprolol 50mg Tablets 100s,Marwick Pharmaceuticals,Pharma,Tablets,Below 25C,240,59.6,34.9,26.8,0.05575,14.35,22.98,2,2
PH10036,Bisoprolol 2.5mg Tablets 2x14,Venrick Laboratories,Pharma,Tablets,Below 25C,100,57.8,36.7,22.1,0.04688,9.02,23.52,4,3
PH10037,Montelukast 10mg Tablets 100s,Dunmore Therapeutics,Pharma,Tablets,Below 25C,240,51.9,42.4,18.3,0.04027,7.05,14.42,4,4
PH10038,Pantoprazole 20mg Tablets 10x10,Marwick Pharmaceuticals,Pharma,Tablets,Below 25C,60,33.3,39.5,26.9,0.03538,5.79,19.53,9,5
PH10039,Atorvastatin 40mg Tablets 100s,Marwick Pharmaceuticals,Pharma,Tablets,Below 25C,180,46.2,28.8,21.9,0.02914,8.23,4.35,8,3
PH10040,Warfarin 5mg Tablets 30s,Arcadine Pharma,Pharma,Tablets,Below 25C,100,43.3,41.9,27.0,0.04899,11.04,13.85,4,3
PH10041,Amlodipine 5mg Tablets 30s,Venrick Laboratories,Pharma,Tablets,Below 25C,100,56.8,32.1,19.7,0.03592,8.0,24.46,6,6
PH10042,Glimepiride 4mg Tablets 3x10,Venrick Laboratories,Pharma,Tablets,Below 25C,180,50.2,38.4,33.7,0.06496,15.47,8.54,2,4
PH10043,Atorvastatin 10mg Tablets 100s,Corvane Pharma,Pharma,Tablets,Below 25C,180,36.9,35.6,16.2,0.02128,5.36,2.65,5,9
PH10044,Azithromycin 500mg Tablets 30s,Marwick Pharmaceuticals,Pharma,Tablets,Below 25C,120,34.9,37.4,23.2,0.03028,0.0,10.61,5,6
PH10045,Atorvastatin 40mg Tablets 10x10,Corvane Pharma,Pharma,Tablets,Below 25C,240,43.5,36.9,34.6,0.05554,9.54,19.82,6,3
PH10046,Warfarin 1mg Tablets 3x10,Marwick Pharmaceuticals,Pharma,Tablets,Below 25C,120,41.5,43.5,16.3,0.02943,6.21,20.66,2,0
PH10047,Metformin 850mg Tablets 2x14,Marwick Pharmaceuticals,Pharma,Tablets,Below 25C,120,45.3,43.1,19.8,0.03866,11.06,4.14,4,7
PH10048,Simvastatin 40mg Tablets 3x10,Marwick Pharmaceuticals,Pharma,Tablets,Below 25C,180,54.2,38.7,32.2,0.06754,13.01,3.27,4,4
PH10049,Amlodipine 5mg Tablets 2x14,Halvora Healthcare,Pharma,Tablets,Below 25C,180,52.5,41.2,31.6,0.06835,17.57,8.64,4,2
PH10050,Escitalopram 10mg Tablets 30s,Corvane Pharma,Pharma,Tablets,Below 25C,240,53.0,44.3,22.0,0.05165,12.46,24.31,4,5
PH10051,Escitalopram 10mg Tablets 3x10,Corvane Pharma,Pharma,Tablets,Below 25C,240,57.7,39.2,29.1,0.06582,17.87,11.21,4,4
PH10052,Sertraline 50mg Tablets 3x10,Marwick Pharmaceuticals,Pharma,Tablets,Below 25C,180,36.8,26.3,0.0,0.01887,5.07,4.96,9,7
PH10053,Simvastatin 40mg Tablets 10x10,Halvora Healthcare,Pharma,Tablets,Below 25C,100,54.7,43.6,25.1,0.05986,11.02,23.17,4,3
PH10054,Esomeprazole 40mg Tablets 30s,Marwick Pharmaceuticals,Pharma,Tablets,Below 25C,180,57.5,44.2,32.8,0.08336,16.28,24.78,4,3
PH10055,Ibuprofen 200mg Tablets 100s,Dunmore Therapeutics,Pharma,Tablets,Below 25C,120,30.7,30.0,33.6,0.03095,9.28,20.69,11,4
PH10056,Allopurinol 100mg Tablets 10x10,Corvane Pharma,Pharma,Tablets,Below 25C,180,53.3,36.4,22.9,0.04443,7.21,3.94,3,3
PH10057,Glimepiride 2mg Tablets 30s,Marwick Pharmaceuticals,Pharma,Tablets,Below 25C,100,37.9,34.9,30.5,0.04034,10.87,21.5,6,2
PH10058,Pantoprazole 40mg Tablets 100s,Corvane Pharma,Pharma,Tablets,Below 25C,120,43.2,37.1,33.4,0.05353,11.46,19.25,6,3
PH10059,Telmisartan 80mg Tablets 30s,Venrick Laboratories,Pharma,Tablets,Below 25C,180,55.2,40.3,25.7,0.05717,11.86,2.49,4,5
PH10060,Paracetamol 500mg Tablets 3x10,Corvane Pharma,Pharma,Tablets,Below 25C,180,58.5,34.4,21.0,0.04226,9.62,10.79,2,7
PH10061,Simvastatin 40mg Tablets 30s,Arcadine Pharma,Pharma,Tablets,Below 25C,120,32.3,44.6,15.3,0.02204,4.98,20.07,6,7
PH10062,Amlodipine 5mg Tablets 100s,Arcadine Pharma,Pharma,Tablets,Below 25C,60,49.9,39.1,16.9,0.03297,9.87,19.36,6,8
PH10063,Simvastatin 40mg Tablets 2x14,Marwick Pharmaceuticals,Pharma,Tablets,Below 25C,240,54.2,44.2,29.4,0.07043,16.09,16.72,4,5
PH10064,Telmisartan 80mg Tablets 3x10,Halvora Healthcare,Pharma,Tablets,Below 25C,240,48.7,25.0,18.0,0.02192,6.54,8.11,8,5
PH10065,Rosuvastatin 20mg Tablets 2x14,Corvane Pharma,Pharma,Tablets,Below 25C,180,54.3,32.4,29.5,0.0519,11.84,21.07,4,5
PH10066,Atorvastatin 10mg Tablets 3x10,Venrick Laboratories,Pharma,Tablets,Below 25C,180,33.6,35.4,32.3,0.03842,7.09,3.7,6,2
PH10067,Montelukast 10mg Tablets 3x10,Arcadine Pharma,Pharma,Tablets,Below 25C,240,32.5,40.7,31.8,0.04206,11.95,23.33,6,2
PH10068,Ciprofloxacin 250mg Tablets 10x10,Marwick Pharmaceuticals,Pharma,Tablets,Below 25C,120,46.1,37.6,34.1,0.05911,9.32,15.42,5,3
PH10069,Amlodipine 10mg Tablets 3x10,Halvora Healthcare,Pharma,Tablets,Below 25C,240,57.9,39.9,27.1,0.06261,14.68,18.99,4,2
PH10070,Sertraline 50mg Tablets 30s,Marwick Pharmaceuticals,Pharma,Tablets,Below 25C,100,46.8,40.3,34.3,0.06469,15.07,8.63,4,3
PH10071,Metformin 850mg Tablets 10x10,Corvane Pharma,Pharma,Tablets,Below 25C,240,53.8,41.5,34.6,0.07725,12.3,13.41,3,3
PH10072,Azithromycin 250mg Tablets 3x10,Venrick Laboratories,Pharma,Tablets,Below 25C,120,44.3,29.4,35.0,0.04558,8.53,8.54,7,2
PH10073,Esomeprazole 40mg Tablets 3x10,Halvora Healthcare,Pharma,Tablets,Below 25C,180,53.3,38.9,30.7,0.06365,13.7,19.04,4,4
PH10074,Paracetamol 500mg Tablets 2x14,Halvora Healthcare,Pharma,Tablets,Below 25C,60,55.4,43.0,34.9,0.08314,15.96,2.12,4,4
PH10075,Escitalopram 20mg Tablets 10x10,Corvane Pharma,Pharma,Tablets,Below 25C,240,34.3,40.6,31.1,0.04331,8.03,18.76,6,4
PH10076,Metformin 500mg Tablets 100s,Marwick Pharmaceuticals,Pharma,Tablets,Below 25C,120,35.5,40.1,16.0,0.02278,6.45,9.41,6,8
PH10077,Prednisolone 5mg Tablets 2x14,Corvane Pharma,Pharma,Tablets,Below 25C,180,58.5,34.0,23.0,0.04575,7.28,21.55,4,5
PH10078,Furosemide 40mg Tablets 100s,Marwick Pharmaceuticals,Pharma,Tablets,Below 25C,60,30.2,38.0,27.2,0.03121,5.58,17.98,9,4
PH10079,Allopurinol 100mg Tablets 3x10,Arcadine Pharma,Pharma,Tablets,Below 25C,60,56.7,34.6,22.8,0.04473,10.73,24.34,4,3
PH10080,Loratadine 10mg Tablets 30s,Marwick Pharmaceuticals,Pharma,Tablets,Below 25C,60,42.9,31.0,22.4,0.02979,6.0,10.8,6,4
PH10081,Metformin 500mg Tablets 2x14,Marwick Pharmaceuticals,Pharma,Tablets,Below 25C,180,49.1,37.6,17.3,0.03194,5.4,19.85,4,8
PH10082,Ciprofloxacin 250mg Tablets 3x10,Venrick Laboratories,Pharma,Tablets,Below 25C,120,34.5,26.7,26.1,0.02404,3.94,15.32,9,5
PH10083,Clopidogrel 75mg Tablets 2x14,Corvane Pharma,Pharma,Tablets,Below 25C,180,45.4,25.3,30.3,0.0348,7.61,17.65,8,3
PH10084,Diclofenac 50mg Tablets 30s,Corvane Pharma,Pharma,Tablets,Below 25C,240,55.9,40.6,19.2,0.04358,11.23,14.6,4,6
PH10085,Allopurinol 300mg Tablets 30s,Arcadine Pharma,Pharma,Tablets,Below 25C,100,43.5,37.1,22.6,0.03647,9.83,24.8,6,4
PH10086,Losartan 100mg Tablets 100s,Marwick Pharmaceuticals,Pharma,Tablets,Below 25C,240,50.6,38.0,30.3,0.05826,11.97,3.97,4,3
PH10087,Bisoprolol 5mg Tablets 3x10,Halvora Healthcare,Pharma,Tablets,Below 25C,120,58.3,26.6,33.2,0.05149,8.74,7.56,6,2
PH10088,Glimepiride 2mg Tablets 3x10,Corvane Pharma,Pharma,Tablets,Below 25C,100,53.7,32.8,23.8,0.04192,10.01,20.08,6,3
PH10089,Metoprolol 50mg Tablets 3x10,Arcadine Pharma,Pharma,Tablets,Below 25C,240,41.0,34.7,33.3,0.04738,11.95,3.72,6,3
PH10090,Levothyroxine 50mcg Tablets 3x10,Halvora Healthcare,Pharma,Tablets,Below 25C,100,40.3,36.3,23.8,0.03482,9.98,6.76,6,3
PH10091,Atorvastatin 10mg Tablets 30s,Halvora Healthcare,Pharma,Tablets,Below 25C,100,51.5,34.9,29.7,0.05338,13.17,24.15,4,3
PH10092,Bisoprolol 5mg Tablets 2x14,Corvane Pharma,Pharma,Tablets,Below 25C,180,50.7,25.3,15.6,0.02001,5.86,8.11,6,4
PH10093,Pantoprazole 20mg Tablets 2x14,Marwick Pharmaceuticals,Pharma,Tablets,Below 25C,60,43.8,27.8,21.1,0.02569,4.2,19.2,8,0
PH10094,Loratadine 10mg Tablets 3x10,Venrick Laboratories,Pharma,Tablets,Below 25C,240,59.1,29.7,19.4,0.03405,5.35,24.57,6,5
PH10095,Amlodipine 10mg Tablets 100s,Arcadine Pharma,Pharma,Tablets,Below 25C,60,51.7,35.3,18.2,0.03322,6.62,20.17,4,6
PH10096,Cetirizine 10mg Tablets 100s,Halvora Healthcare,Pharma,Tablets,Below 25C,180,54.5,25.4,26.0,0.03599,7.02,17.14,6,2
PH10097,Rosuvastatin 5mg Tablets 2x14,Corvane Pharma,Pharma,Tablets,Below 25C,100,57.1,37.8,26.2,0.05655,15.26,5.13,4,5
PH10098,Warfarin 1mg Tablets 2x14,Halvora Healthcare,Pharma,Tablets,Below 25C,240,58.2,43.9,27.8,0.07103,18.51,5.26,4,4
PH10099,Simvastatin 40mg Tablets 100s,Corvane Pharma,Pharma,Tablets,Below 25C,180,48.3,41.3,19.6,0.0391,10.58,4.22,4,6
PH10100,Carvedilol 6.25mg Tablets 10x10,Corvane Pharma,Pharma,Tablets,Below 25C,180,51.1,36.5,29.2,0.05446,14.9,2.21,4,3
PH10101,Azithromycin 500mg Tablets 2x14,Arcadine Pharma,Pharma,Tablets,Below 25C,60,51.6,31.1,22.6,0.03627,8.34,16.17,6,5
PH10102,Montelukast 10mg Tablets 2x14,Halvora Healthcare,Pharma,Tablets,Below 25C,60,30.3,38.8,34.0,0.03997,9.27,7.64,9,3
PH10103,Gliclazide 80mg Tablets 2x14,Dunmore Therapeutics,Pharma,Tablets,Below 25C,100,36.2,37.7,15.6,0.02129,4.05,15.9,6,7
PH10104,Azithromycin 500mg Tablets 100s,Venrick Laboratories,Pharma,Tablets,Below 25C,180,31.6,38.3,31.9,0.03861,9.6,8.56,9,4
PH10105,Carvedilol 6.25mg Tablets 30s,Venrick Laboratories,Pharma,Tablets,Below 25C,60,57.9,36.4,26.3,0.05543,12.15,14.92,4,3
PH10106,Bisoprolol 2.5mg Tablets 10x10,Corvane Pharma,Pharma,Tablets,Below 25C,100,32.3,43.5,32.9,0.04623,11.0,9.35,6,3
PH10107,Diclofenac 50mg Tablets 2x14,Corvane Pharma,Pharma,Tablets,Below 25C,240,40.6,38.3,28.8,0.04478,12.33,21.17,6,3
PH10108,Esomeprazole 20mg Tablets 3x10,Arcadine Pharma,Pharma,Tablets,Below 25C,120,51.0,41.2,28.7,0.0603,9.91,15.65,2,3
PH10109,Carvedilol 25mg Tablets 30s,Venrick Laboratories,Pharma,Tablets,Below 25C,60,30.4,41.8,18.8,0.02389,3.97,10.51,6,5
PH10110,Rosuvastatin 10mg Tablets 10x10,Dunmore Therapeutics,Pharma,Tablets,Below 25C,120,30.3,29.0,17.9,0.01573,2.49,3.36,12,6
PH10111,Gliclazide 80mg Tablets 30s,Corvane Pharma,Pharma,Tablets,Below 25C,120,48.0,31.8,20.9,0.0319,9.29,10.48,6,4
PH10112,Bisoprolol 5mg Tablets 30s,Halvora Healthcare,Pharma,Tablets,Below 25C,180,41.3,30.8,18.5,0.02353,6.42,3.27,6,5
PH10113,Rosuvastatin 5mg Tablets 30s,Arcadine Pharma,Pharma,Tablets,Below 25C,60,46.1,40.3,21.8,0.0405,9.97,10.27,4,5
PH10114,Telmisartan 40mg Tablets 2x14,Arcadine Pharma,Pharma,Tablets,Below 25C,180,34.1,36.9,19.1,0.02403,6.09,18.72,6,6
PH10115,Metoprolol 100mg Tablets 100s,Marwick Pharmaceuticals,Pharma,Tablets,Below 25C,120,40.3,28.1,23.6,0.02673,6.75,3.27,8,0
PH10116,Atorvastatin 10mg Tablets 10x10,Corvane Pharma,Pharma,Tablets,Below 25C,120,57.7,29.1,19.7,0.03308,8.25,13.3,6,5
PH10117,Sertraline 100mg Tablets 30s,Venrick Laboratories,Pharma,Tablets,Below 25C,240,55.8,44.0,26.2,0.06433,9.93,15.46,4,5
PH10118,Amlodipine 5mg Tablets 10x10,Corvane Pharma,Pharma,Tablets,Below 25C,100,50.7,35.9,21.1,0.0384,6.55,19.12,4,4
PH10119,Ciprofloxacin 250mg Tablets 30s,Halvora Healthcare,Pharma,Tablets,Below 25C,240,51.0,34.2,23.0,0.04012,8.74,17.59,4,5
PH10120,Cetirizine 10mg Tablets 3x10,Corvane Pharma,Pharma,Tablets,Below 25C,180,51.0,44.6,28.7,0.06528,10.04,12.43,3,3
PH10121,Pantoprazole 40mg Tablets 2x14,Corvane Pharma,Pharma,Tablets,Below 25C,120,39.2,28.6,15.9,0.01783,5.18,9.53,9,4
PH10122,Allopurinol 300mg Tablets 2x14,Marwick Pharmaceuticals,Pharma,Tablets,Below 25C,100,58.1,27.0,27.1,0.04251,8.86,17.3,6,4
PH10123,Sertraline 50mg Tablets 10x10,Corvane Pharma,Pharma,Tablets,Below 25C,240,36.3,40.7,25.7,0.03797,6.46,19.14,6,5
PH10124,Prednisolone 25mg Tablets 2x14,Halvora Healthcare,Pharma,Tablets,Below 25C,120,42.1,35.5,27.2,0.04065,10.05,5.5,6,5
PH10125,Carvedilol 25mg Tablets 2x14,Corvane Pharma,Pharma,Tablets,Below 25C,180,41.1,32.6,29.1,0.03899,10.49,10.79,5,5
PH10126,Ibuprofen 200mg Tablets 2x14,Halvora Healthcare,Pharma,Tablets,Below 25C,180,39.0,27.1,16.7,0.01765,4.41,7.11,9,8
PH10127,Sertraline 50mg Tablets 2x14,Halvora Healthcare,Pharma,Tablets,Below 25C,240,50.5,25.3,29.9,0.0382,11.2,24.75,6,5
PH10128,Rosuvastatin 5mg Tablets 3x10,Corvane Pharma,Pharma,Tablets,Below 25C,180,46.7,26.4,16.2,0.01997,5.65,9.07,8,6
PH10129,Rosuvastatin 20mg Tablets 100s,Halvora Healthcare,Pharma,Tablets,Below 25C,100,39.9,41.6,30.2,0.05013,11.73,18.63,6,2
PH10130,Atorvastatin 20mg Tablets 2x14,Marwick Pharmaceuticals,Pharma,Tablets,Below 25C,120,34.0,40.1,16.9,0.02304,6.13,11.0,6,5
PH10131,Diclofenac 50mg Tablets 3x10,Halvora Healthcare,Pharma,Tablets,Below 25C,60,37.0,35.3,18.8,0.02455,6.52,20.72,6,7
PH10132,Paracetamol 500mg Tablets 30s,Arcadine Pharma,Pharma,Tablets,Below 25C,60,56.7,34.7,33.3,0.06552,13.41,19.15,4,3
PH10133,Telmisartan 80mg Tablets 100s,Marwick Pharmaceuticals,Pharma,Tablets,Below 25C,60,46.8,28.7,32.2,0.04325,11.81,13.84,8,4
PH10134,Escitalopram 20mg Tablets 100s,Dunmore Therapeutics,Pharma,Tablets,Below 25C,120,40.7,35.5,25.8,0.03728,7.92,4.57,6,4
PH10135,Rosuvastatin 20mg Tablets 30s,Venrick Laboratories,Pharma,Tablets,Below 25C,100,40.6,41.1,23.1,0.03855,9.38,3.69,4,3
PH10136,Metoprolol 100mg Tablets 2x14,Venrick Laboratories,Pharma,Tablets,Below 25C,100,34.0,33.2,33.3,0.03759,5.89,16.75,9,3
PH10137,Ibuprofen 400mg Tablets 10x10,Halvora Healthcare,Pharma,Tablets,Below 25C,100,58.4,37.8,30.1,0.06645,14.85,18.34,4,2
PH10138,Loratadine 10mg Tablets 10x10,Halvora Healthcare,Pharma,Tablets,Below 25C,180,37.8,39.1,19.7,0.02912,5.31,15.9,6,3
PH10139,Prednisolone 25mg Tablets 30s,Marwick Pharmaceuticals,Pharma,Tablets,Below 25C,120,49.4,29.6,30.4,0.04445,12.44,23.77,8,3
PH10140,Sertraline 50mg Tablets 100s,Dunmore Therapeutics,Pharma,Tablets,Below 25C,60,57.7,43.1,34.7,0.08629,24.99,9.19,3,4
PH10141,Clopidogrel 75mg Tablets 10x10,Halvora Healthcare,Pharma,Tablets,Below 25C,60,56.0,44.9,27.4,0.06889,19.07,5.92,4,5
PH10142,Rosuvastatin 10mg Tablets 30s,Halvora Healthcare,Pharma,Tablets,Below 25C,240,56.3,39.4,33.5,0.07431,19.24,23.41,4,3
PH10143,Ciprofloxacin 250mg Tablets 100s,Marwick Pharmaceuticals,Pharma,Tablets,Below 25C,60,46.6,28.0,34.2,0.04462,12.85,21.01,8,3
PH10144,Losartan 100mg Tablets 2x14,Marwick Pharmaceuticals,Pharma,Tablets,Below 25C,120,58.2,37.9,19.4,0.04279,6.51,7.92,4,6
PH10145,Metformin 850mg Tablets 3x10,Halvora Healthcare,Pharma,Tablets,Below 25C,120,38.1,26.8,22.6,0.02308,5.26,12.44,9,5
PH10146,Cetirizine 10mg Tablets 10x10,Corvane Pharma,Pharma,Tablets,Below 25C,100,34.4,29.7,21.4,0.02186,4.04,7.87,13,4
PH10147,Levothyroxine 50mcg Tablets 2x14,Venrick Laboratories,Pharma,Tablets,Below 25C,120,53.5,32.3,22.6,0.03905,0.0,15.37,6,6
PH10148,Ibuprofen 200mg Tablets 10x10,Arcadine Pharma,Pharma,Tablets,Below 25C,240,31.9,42.2,27.5,0.03702,10.56,9.25,6,4
PH10149,Simvastatin 20mg Tablets 2x14,Marwick Pharmaceuticals,Pharma,Tablets,Below 25C,60,58.8,40.1,19.5,0.04598,12.55,16.8,4,6
PH10150,Bisoprolol 2.5mg Tablets 3x10,Halvora Healthcare,Pharma,Tablets,Below 25C,100,51.9,30.7,15.4,0.02454,4.81,12.56,6,7
PH10151,Pantoprazole 40mg Tablets 3x10,Arcadine Pharma,Pharma,Tablets,Below 25C,240,56.4,30.0,28.6,0.04839,8.1,17.0,5,3
PH10152,Clopidogrel 75mg Tablets 3x10,Venrick Laboratories,Pharma,Tablets,Below 25C,120,31.2,30.6,32.7,0.03122,7.37,20.61,9,4
PH10153,Esomeprazole 40mg Tablets 100s,Corvane Pharma,Pharma,Tablets,Below 25C,180,50.2,41.5,29.6,0.06167,9.82,8.57,4,5
PH10154,Amlodipine 10mg Tablets 10x10,Corvane Pharma,Pharma,Tablets,Below 25C,120,38.4,34.4,21.6,0.02853,6.26,16.81,6,6
PH10155,Telmisartan 40mg Tablets 10x10,Arcadine Pharma,Pharma,Tablets,Below 25C,60,35.7,34.1,21.8,0.02654,4.22,12.82,6,5
PH10156,Metformin 500mg Tablets 10x10,Dunmore Therapeutics,Pharma,Tablets,Below 25C,240,51.2,42.5,25.1,0.05462,15.2,22.59,4,3
PH10157,Levothyroxine 100mcg Tablets 30s,Corvane Pharma,Pharma,Tablets,Below 25C,240,30.9,42.6,28.2,0.03712,6.22,13.25,6,3
PH10158,Losartan 50mg Tablets 2x14,Corvane Pharma,Pharma,Tablets,Below 25C,120,32.0,33.3,18.2,0.01939,5.53,17.15,9,4
PH10159,Glimepiride 2mg Tablets 100s,Arcadine Pharma,Pharma,Tablets,Below 25C,60,49.2,44.6,26.2,0.05749,12.48,18.08,4,5
PH10160,Ibuprofen 400mg Tablets 3x10,Arcadine Pharma,Pharma,Tablets,Below 25C,100,43.0,28.8,16.1,0.01994,4.29,3.54,8,9
PH10161,Escitalopram 20mg Tablets 30s,Halvora Healthcare,Pharma,Tablets,Below 25C,240,46.7,26.8,29.5,0.03692,6.11,2.61,8,3
PH10162,Levothyroxine 50mcg Tablets 100s,Marwick Pharmaceuticals,Pharma,Tablets,Below 25C,240,33.7,43.8,20.5,0.03026,5.26,15.66,6,6
PH10163,Telmisartan 40mg Tablets 30s,Venrick Laboratories,Pharma,Tablets,Below 25C,100,43.9,44.2,31.6,0.06132,13.35,2.08,4,2
PH10164,Simvastatin 20mg Tablets 3x10,Corvane Pharma,Pharma,Tablets,Below 25C,180,55.5,30.1,23.6,0.03942,9.26,12.57,6,3
PH10165,Losartan 50mg Tablets 30s,Venrick Laboratories,Pharma,Tablets,Below 25C,240,53.3,34.8,31.9,0.05917,13.22,2.83,4,4
PH10166,Clopidogrel 75mg Tablets 30s,Corvane Pharma,Pharma,Tablets,Below 25C,120,41.6,32.4,31.0,0.04178,11.45,20.68,6,4
PH10167,Esomeprazole 20mg Tablets 30s,Marwick Pharmaceuticals,Pharma,Tablets,Below 25C,120,32.0,41.0,18.0,0.02362,3.83,23.56,6,7
PH10168,Carvedilol 6.25mg Tablets 100s,Corvane Pharma,Pharma,Tablets,Below 25C,100,55.8,34.1,19.2,0.03653,5.86,9.48,2,3
PH10169,Allopurinol 300mg Tablets 100s,Venrick Laboratories,Pharma,Tablets,Below 25C,100,31.5,26.1,32.4,0.02664,6.72,9.25,12,2
PH10170,Ciprofloxacin 500mg Tablets 10x10,Halvora Healthcare,Pharma,Tablets,Below 25C,60,50.0,42.6,33.5,0.07136,13.0,14.96,4,3
PH10171,Sertraline 100mg Tablets 10x10,Marwick Pharmaceuticals,Pharma,Tablets,Below 25C,180,38.5,29.2,24.9,0.02799,5.5,10.89,9,5
PH10172,Pantoprazole 20mg Tablets 100s,Marwick Pharmaceuticals,Pharma,Tablets,Below 25C,240,36.8,39.3,19.5,0.0282,4.97,7.23,6,5
PH10173,Carvedilol 25mg Tablets 10x10,Venrick Laboratories,Pharma,Tablets,Below 25C,240,38.2,31.8,20.6,0.02502,3.94,6.64,9,4
PH10174,Glimepiride 4mg Tablets 2x14,Corvane Pharma,Pharma,Tablets,Below 25C,240,37.5,40.4,17.6,0.02666,6.81,6.11,6,6
PH10175,Ciprofloxacin 500mg Tablets 100s,Venrick Laboratories,Pharma,Tablets,Below 25C,60,49.0,32.0,16.5,0.02587,6.8,22.78,5,4
PH10176,Ibuprofen 400mg Tablets 100s,Halvora Healthcare,Pharma,Tablets,Below 25C,100,36.3,34.7,29.4,0.03703,7.34,8.75,6,3
PH10177,Allopurinol 100mg Tablets 2x14,Arcadine Pharma,Pharma,Tablets,Below 25C,60,50.1,37.5,28.7,0.05392,8.93,16.67,4,3
PH10178,Losartan 100mg Tablets 3x10,Marwick Pharmaceuticals,Pharma,Tablets,Below 25C,180,40.2,31.4,31.5,0.03976,10.38,21.95,6,2
PH10179,Warfarin 1mg Tablets 30s,Halvora Healthcare,Pharma,Tablets,Below 25C,60,50.0,39.4,17.2,0.03388,9.05,4.26,6,4
PH10180,Paracetamol 500mg Tablets 10x10,Venrick Laboratories,Pharma,Tablets,Below 25C,180,36.2,44.0,17.9,0.02851,4.57,18.94,4,6
PH10181,Azithromycin 250mg Tablets 100s,Dunmore Therapeutics,Pharma,Tablets,Below 25C,240,58.5,39.0,22.3,0.05088,12.81,8.16,4,4
PH10182,Allopurinol 100mg Tablets 100s,Halvora Healthcare,Pharma,Tablets,Below 25C,120,52.6,43.1,27.8,0.06302,12.5,24.13,2,3
PH10183,Metoprolol 100mg Tablets 10x10,Dunmore Therapeutics,Pharma,Tablets,Below 25C,60,48.6,27.0,26.2,0.03438,6.75,7.73,8,3
PH10184,Levothyroxine 50mcg Tablets 10x10,Halvora Healthcare,Pharma,Tablets,Below 25C,180,38.1,29.4,18.9,0.02117,3.89,21.23,9,6
PH10185,Atorvastatin 20mg Tablets 30s,Corvane Pharma,Pharma,Tablets,Below 25C,120,43.1,28.1,27.5,0.03331,8.89,9.08,7,3
PH10186,Levothyroxine 50mcg Tablets 30s,Corvane Pharma,Pharma,Tablets,Below 25C,240,48.6,33.9,34.9,0.0575,17.22,6.27,6,2
PH10187,Prednisolone 25mg Tablets 10x10,Halvora Healthcare,Pharma,Tablets,Below 25C,180,38.8,27.4,34.8,0.037,8.57,22.33,8,4
PH10188,Atorvastatin 10mg Tablets 2x14,Marwick Pharmaceuticals,Pharma,Tablets,Below 25C,120,46.4,25.3,21.5,0.02524,5.11,11.84,8,3
PH10189,Atorvastatin 40mg Tablets 30s,Corvane Pharma,Pharma,Tablets,Below 25C,100,30.3,37.5,32.0,0.03636,7.62,8.07,9,4
PH10190,Atorvastatin 20mg Tablets 3x10,Venrick Laboratories,Pharma,Tablets,Below 25C,180,47.2,28.6,21.1,0.02848,5.44,7.47,8,5
PH10191,Allopurinol 300mg Tablets 3x10,Corvane Pharma,Pharma,Tablets,Below 25C,240,46.1,41.2,30.9,0.05869,11.73,11.25,3,4
PH10192,Cetirizine 10mg Tablets 30s,Halvora Healthcare,Pharma,Tablets,Below 25C,100,35.7,28.5,29.8,0.03032,4.7,18.55,9,5
PH10193,Montelukast 10mg Tablets 10x10,Corvane Pharma,Pharma,Tablets,Below 25C,120,35.4,33.3,23.7,0.02794,5.37,15.9,9,4
PH10194,Ciprofloxacin 250mg Tablets 2x14,Corvane Pharma,Pharma,Tablets,Below 25C,120,37.7,36.7,32.0,0.04427,7.33,15.71,6,3
PH10195,Pantoprazole 20mg Tablets 30s,Corvane Pharma,Pharma,Tablets,Below 25C,120,60.0,41.1,25.4,0.06264,17.63,18.98,4,2
PH10196,Warfarin 5mg Tablets 100s,Marwick Pharmaceuticals,Pharma,Tablets,Below 25C,60,53.1,34.4,16.0,0.02923,6.08,16.92,4,9
PH10197,Warfarin 1mg Tablets 100s,Venrick Laboratories,Pharma,Tablets,Below 25C,60,34.0,30.4,19.5,0.02016,4.96,11.19,9,3
PH10198,Bisoprolol 2.5mg Tablets 30s,Dunmore Therapeutics,Pharma,Tablets,Below 25C,120,42.8,27.5,23.6,0.02778,7.53,3.46,8,6
PH10199,Levothyroxine 100mcg Tablets 10x10,Arcadine Pharma,Pharma,Tablets,Below 25C,180,54.0,40.9,28.2,0.06228,10.18,23.19,4,3
PH10200,Escitalopram 20mg Tablets 2x14,Halvora Healthcare,Pharma,Tablets,Below 25C,120,42.3,43.9,24.5,0.0455,8.04,11.88,4,5
PH10201,Montelukast 10mg Tablets 30s,Corvane Pharma,Pharma,Tablets,Below 25C,120,36.2,43.1,32.0,0.04993,13.57,2.54,6,4
PH10202,Telmisartan 40mg Tablets 100s,Halvora Healthcare,Pharma,Tablets,Below 25C,180,30.1,28.7,33.6,0.02903,4.95,15.19,12,3
PH10203,Atorvastatin 40mg Tablets 2x14,Marwick Pharmaceuticals,Pharma,Tablets,Below 25C,100,36.0,37.4,34.5,0.04645,8.11,8.48,6,3
PH10204,Warfarin 5mg Tablets 2x14,Venrick Laboratories,Pharma,Tablets,Below 25C,180,44.4,29.3,15.1,0.01964,4.11,7.22,8,5
PH10205,Glimepiride 2mg Tablets 10x10,Arcadine Pharma,Pharma,Tablets,Below 25C,180,48.2,33.3,20.6,0.03306,8.85,22.64,6,5
PH10206,Glimepiride 4mg Tablets 10x10,Venrick Laboratories,Pharma,Tablets,Below 25C,100,47.8,30.0,31.9,0.04574,13.32,10.59,8,2
PH10207,Sertraline 100mg Tablets 2x14,Corvane Pharma,Pharma,Tablets,Below 25C,240,43.4,33.2,25.1,0.03617,10.52,17.43,6,2
PH10208,Allopurinol 100mg Tablets 30s,Venrick Laboratories,Pharma,Tablets,Below 25C,120,59.6,39.0,21.5,0.04997,10.38,11.58,3,4
PH10209,Losartan 50mg Tablets 3x10,Halvora Healthcare,Pharma,Tablets,Below 25C,240,50.7,31.1,23.9,0.03768,8.98,15.24,6,3
PH10210,Losartan 100mg Tablets 10x10,Halvora Healthcare,Pharma,Tablets,Below 25C,60,40.5,32.4,15.8,0.02073,3.69,5.05,6,9
PH10211,Esomeprazole 20mg Tablets 10x10,Marwick Pharmaceuticals,Pharma,Tablets,Below 25C,120,44.5,34.4,24.2,0.03705,7.75,9.56,6,3
PH10212,Esomeprazole 20mg Tablets 2x14,Venrick Laboratories,Pharma,Tablets,Below 25C,60,48.7,25.7,29.1,0.03642,9.31,16.59,8,2
PH10213,Rosuvastatin 5mg Tablets 10x10,Halvora Healthcare,Pharma,Tablets,Below 25C,60,52.6,27.8,26.4,0.0386,9.47,13.62,6,5
PH10214,Furosemide 40mg Tablets 10x10,Corvane Pharma,Pharma,Tablets,Below 25C,120,54.1,32.0,23.2,0.04016,6.45,24.05,4,4
PH10215,Bisoprolol 5mg Tablets 10x10,Halvora Healthcare,Pharma,Tablets,Below 25C,120,54.7,42.0,24.8,0.05698,16.99,19.38,8,2
PH10216,Metoprolol 50mg Tablets 30s,Corvane Pharma,Pharma,Tablets,Below 25C,240,32.7,41.0,24.1,0.03231,7.21,19.17,6,3
PH10217,Paracetamol 500mg Tablets 100s,Halvora Healthcare,Pharma,Tablets,Below 25C,240,43.2,25.2,27.1,0.0295,7.46,16.07,8,5
PH10218,Ibuprofen 400mg Tablets 2x14,Venrick Laboratories,Pharma,Tablets,Below 25C,60,37.4,25.9,31.3,0.03032,6.3,20.05,9,2
PH10219,Warfarin 1mg Tablets 10x10,Venrick Laboratories,Pharma,Tablets,Below 25C,180,55.7,28.1,24.6,0.0385,9.61,17.06,6,4
PH10220,Metformin 500mg Tablets 3x10,Venrick Laboratories,Pharma,Tablets,Below 25C,120,58.7,27.5,27.3,0.04407,9.58,3.61,6,5
PH10221,Rosuvastatin 10mg Tablets 100s,Arcadine Pharma,Pharma,Tablets,Below 25C,120,41.5,25.0,29.3,0.0304,8.62,7.68,8,5
PH10222,Escitalopram 10mg Tablets 100s,Arcadine Pharma,Pharma,Tablets,Below 25C,120,30.8,31.4,23.8,0.02302,4.18,18.68,9,6
PH10223,Metformin 850mg Tablets 100s,Marwick Pharmaceuticals,Pharma,Tablets,Below 25C,60,44.8,37.1,17.9,0.02975,4.67,10.58,4,3
PH10224,Telmisartan 80mg Tablets 2x14,Halvora Healthcare,Pharma,Tablets,Below 25C,100,47.8,36.6,21.1,0.03691,9.9,16.63,6,3
PH10225,Metoprolol 100mg Tablets 30s,Venrick Laboratories,Pharma,Tablets,Below 25C,120,43.3,28.6,19.5,0.02415,6.15,5.39,8,7
PH10226,Esomeprazole 40mg Tablets 2x14,Corvane Pharma,Pharma,Tablets,Below 25C,240,34.2,41.9,28.1,0.04027,9.38,10.5,6,5
PH10227,Metformin 850mg Tablets 30s,Corvane Pharma,Pharma,Tablets,Below 25C,240,36.7,31.8,28.9,0.03373,9.98,18.76,9,3
PH10228,Metformin 500mg Tablets 30s,Marwick Pharmaceuticals,Pharma,Tablets,Below 25C,240,32.3,30.1,17.4,0.01692,2.61,16.73,9,5
PH10229,Loratadine 10mg Tablets 100s,Venrick Laboratories,Pharma,Tablets,Below 25C,100,50.6,36.2,17.1,0.03132,8.95,24.25,4,4
PH10230,Losartan 50mg Tablets 100s,Dunmore Therapeutics,Pharma,Tablets,Below 25C,60,56.2,39.2,18.5,0.04076,11.86,24.87,4,7
PH10231,Furosemide 40mg Tablets 30s,Corvane Pharma,Pharma,Tablets,Below 25C,100,39.3,43.8,18.2,0.03133,7.94,3.68,6,6
PH10232,Azithromycin 500mg Tablets 3x10,Venrick Laboratories,Pharma,Tablets,Below 25C,240,46.6,33.8,21.2,0.03339,6.08,21.18,4,7
PH10233,Azithromycin 250mg Tablets 30s,Dunmore Therapeutics,Pharma,Tablets,Below 25C,100,49.5,44.6,18.9,0.04173,12.01,11.74,4,5
PH10234,Atorvastatin 20mg Tablets 100s,Corvane Pharma,Pharma,Tablets,Below 25C,180,53.5,34.7,31.4,0.05829,11.31,11.82,4,3
PH10235,Amlodipine 10mg Tablets 2x14,Venrick Laboratories,Pharma,Tablets,Below 25C,60,34.5,30.5,29.3,0.03083,8.82,7.9,9,3
PH10236,Losartan 100mg Tablets 30s,Corvane Pharma,Pharma,Tablets,Below 25C,240,52.3,28.1,28.5,0.04188,10.82,8.87,6,3
PH10237,Ciprofloxacin 500mg Tablets 30s,Venrick Laboratories,Pharma,Tablets,Below 25C,240,52.5,31.3,26.2,0.04305,8.8,10.12,6,4
PH10238,Bisoprolol 2.5mg Tablets 100s,Venrick Laboratories,Pharma,Tablets,Below 25C,120,50.2,29.3,27.4,0.0403,6.31,14.35,6,4
PH10239,Esomeprazole 20mg Tablets 100s,Arcadine Pharma,Pharma,Tablets,Below 25C,100,45.1,38.7,25.8,0.04503,7.54,15.58,6,5
PH10240,Esomeprazole 40mg Tablets 10x10,Corvane Pharma,Pharma,Tablets,Below 25C,180,50.5,34.3,20.5,0.03551,8.13,24.86,4,7
PH10241,Escitalopram 10mg Tablets 10x10,Marwick Pharmaceuticals,Pharma,Tablets,Below 25C,60,51.6,28.3,32.0,0.04673,8.88,23.68,5,3
PH10242,Escitalopram 10mg Tablets 2x14,Corvane Pharma,Pharma,Tablets,Below 25C,60,50.4,29.7,21.9,0.03278,5.67,22.03,6,5
PH10243,Azithromycin 250mg Tablets 2x14,Arcadine Pharma,Pharma,Tablets,Below 25C,60,48.3,33.9,25.4,0.04159,8.74,6.06,6,5
PH10244,Furosemide 40mg Tablets 2x14,Marwick Pharmaceuticals,Pharma,Tablets,Below 25C,240,34.4,25.5,26.1,0.02289,3.94,15.28,9,2
PH10245,Warfarin 5mg Tablets 3x10,Marwick Pharmaceuticals,Pharma,Tablets,Below 25C,180,58.3,37.1,30.5,0.06597,19.64,10.01,4,3
PH10246,Metoprolol 100mg Tablets 3x10,Halvora Healthcare,Pharma,Tablets,Below 25C,100,35.2,36.4,17.4,0.02229,6.31,7.55,5,8
PH10247,Prednisolone 5mg Tablets 30s,Arcadine Pharma,Pharma,Tablets,Below 25C,60,47.2,38.5,23.1,0.04198,10.47,15.54,6,5
PH10248,Prednisolone 5mg Tablets 10x10,Halvora Healthcare,Pharma,Tablets,Below 25C,240,54.0,26.8,32.6,0.04718,9.47,25.0,6,3
PH10249,Sertraline 100mg Tablets 3x10,Venrick Laboratories,Pharma,Tablets,Below 25C,100,38.6,31.9,31.7,0.03903,10.96,2.34,8,3
PH10250,Levothyroxine 100mcg Tablets 100s,Dunmore Therapeutics,Pharma,Tablets,Below 25C,240,51.7,26.6,18.4,0.253,5.5,22.07,6,5
PH10251,Rosuvastatin 5mg Tablets 100s,Marwick Pharmaceuticals,Pharma,Tablets,Below 25C,180,42.4,36.0,17.2,0.02625,5.2,7.67,6,5
PH10252,Amlodipine 5mg Tablets 3x10,Arcadine Pharma,Pharma,Tablets,Below 25C,240,52.0,38.0,31.7,0.06264,17.4,10.1,3,4
PH10253,Metoprolol 50mg Tablets 10x10,Halvora Healthcare,Pharma,Tablets,Below 25C,240,47.1,26.5,19.2,0.02396,3.92,24.76,8,5
PH10254,Gliclazide 80mg Tablets 100s,Marwick Pharmaceuticals,Pharma,Tablets,Below 25C,120,57.1,32.8,31.5,0.059,10.04,16.62,6,4
PH10255,Diclofenac 50mg Tablets 100s,Corvane Pharma,Pharma,Tablets,Below 25C,120,55.3,25.9,16.7,0.02392,3.92,19.34,6,5
PH10256,Telmisartan 80mg Tablets 10x10,Halvora Healthcare,Pharma,Tablets,Below 25C,120,37.3,40.0,20.8,0.03103,6.79,10.0,6,7
PH10257,Prednisolone 5mg Tablets 100s,Corvane Pharma,Pharma,Tablets,Below 25C,240,49.8,30.0,19.7,0.02943,6.89,16.56,8,4
PH10258,Carvedilol 6.25mg Tablets 2x14,Marwick Pharmaceuticals,Pharma,Tablets,Below 25C,120,58.0,30.8,30.0,0.05359,11.82,11.32,6,2
PH10259,Glimepiride 2mg Tablets 2x14,Arcadine Pharma,Pharma,Tablets,Below 25C,240,55.2,25.4,29.7,0.04164,6.37,16.08,6,3
PH10260,Clopidogrel 75mg Tablets 100s,Halvora Healthcare,Pharma,Tablets,Below 25C,100,42.2,26.4,30.9,0.03443,6.71,20.48,6,4
PH10261,Fish Oil Omega-3 1000mg Capsules 10x10,Venrick Laboratories,Pharma,Capsules,Below 25C,120,52.1,25.4,21.1,0.02792,7.13,21.25,6,5
PH10262,Itraconazole 100mg Capsules 2x14,Marwick Pharmaceuticals,Pharma,Capsules,Below 25C,120,37.0,35.8,29.1,0.03855,8.86,9.57,6,2
PH10263,Fluoxetine 20mg Capsules 60s,Venrick Laboratories,Pharma,Capsules,Below 25C,100,38.4,30.6,27.6,0.03243,5.37,27.66,9,3
PH10264,Vitamin D3 1000IU Capsules 30s,Corvane Pharma,Pharma,Capsules,Below 25C,60,44.9,39.2,20.8,0.03661,6.19,10.6,5,7
PH10265,Cefalexin 500mg Capsules 30s,Venrick Laboratories,Pharma,Capsules,Below 25C,100,40.3,36.3,23.1,0.03379,9.45,16.52,6,3
PH10266,Itraconazole 100mg Capsules 60s,Venrick Laboratories,Pharma,Capsules,Below 25C,200,43.5,25.1,26.4,0.02882,4.56,4.54,8,3
PH10267,Pregabalin 150mg Capsules 2x14,Solandra Health,Pharma,Capsules,Below 25C,60,40.7,33.5,16.2,0.02209,5.53,20.66,6,5
PH10268,Fluoxetine 20mg Capsules 30s,Venrick Laboratories,Pharma,Capsules,Below 25C,60,51.2,38.6,29.8,0.05889,8.37,15.79,4,2
PH10269,Cefalexin 250mg Capsules 3x10,Corvane Pharma,Pharma,Capsules,Below 25C,200,37.0,25.9,24.3,0.02329,4.62,20.7,9,5
PH10270,Doxycycline 100mg Capsules 10x10,Corvane Pharma,Pharma,Capsules,Below 25C,200,30.2,30.3,16.7,0.01528,3.19,23.99,9,6
PH10271,Vitamin D3 1000IU Capsules 10x10,Venrick Laboratories,Pharma,Capsules,Below 25C,120,48.3,39.8,28.5,0.05479,7.81,23.66,6,3
PH10272,Amoxicillin 500mg Capsules 10x10,Solandra Health,Pharma,Capsules,Below 25C,120,45.4,39.0,17.8,0.03152,4.7,20.09,6,6
PH10273,Amoxicillin 250mg Capsules 30s,Corvane Pharma,Pharma,Capsules,Below 25C,100,38.1,33.0,20.7,0.02603,4.69,12.02,9,5
PH10274,Amoxicillin 250mg Capsules 2x14,Solandra Health,Pharma,Capsules,Below 25C,200,49.1,31.8,25.5,0.03982,8.91,24.28,6,5
PH10275,Gabapentin 300mg Capsules 30s,Marwick Pharmaceuticals,Pharma,Capsules,Below 25C,60,34.6,37.6,18.7,0.02433,6.22,19.05,6,3
PH10276,Doxycycline 100mg Capsules 3x10,Corvane Pharma,Pharma,Capsules,Below 25C,100,53.7,29.2,25.5,0.03999,8.48,27.32,6,5
PH10277,Tamsulosin 400mcg Capsules 30s,Corvane Pharma,Pharma,Capsules,Below 25C,120,41.8,33.4,29.3,0.04091,9.54,13.24,6,5
PH10278,Itraconazole 100mg Capsules 10x10,Marwick Pharmaceuticals,Pharma,Capsules,Below 25C,200,51.7,39.5,20.8,0.04248,9.07,8.58,3,4
PH10279,Amoxicillin 500mg Capsules 3x10,Marwick Pharmaceuticals,Pharma,Capsules,Below 25C,60,52.3,35.1,21.6,0.03965,8.99,6.15,4,4
PH10280,Tamsulosin 400mcg Capsules 60s,Venrick Laboratories,Pharma,Capsules,Below 25C,100,39.8,37.1,17.1,0.02525,6.15,3.88,6,4
PH10281,Gabapentin 300mg Capsules 60s,Corvane Pharma,Pharma,Capsules,Below 25C,60,50.7,28.9,17.6,0.02579,5.91,27.93,6,3
PH10282,Omeprazole 40mg Capsules 3x10,Corvane Pharma,Pharma,Capsules,Below 25C,120,39.7,26.6,19.4,0.02049,5.09,15.97,9,4
PH10283,Iron Folic 150mg Capsules 10x10,Corvane Pharma,Pharma,Capsules,Below 25C,120,36.6,31.8,25.0,0.0291,7.2,17.2,8,4
PH10284,Iron Folic 150mg Capsules 60s,Venrick Laboratories,Pharma,Capsules,Below 25C,60,42.2,32.7,20.2,0.02787,4.95,11.45,6,5
PH10285,Pregabalin 75mg Capsules 2x14,Venrick Laboratories,Pharma,Capsules,Below 25C,120,34.5,35.3,15.4,0.01875,3.35,15.31,6,4
PH10286,Itraconazole 100mg Capsules 30s,Corvane Pharma,Pharma,Capsules,Below 25C,100,38.5,29.0,24.7,0.02758,5.28,25.75,9,5
PH10287,Gabapentin 300mg Capsules 2x14,Venrick Laboratories,Pharma,Capsules,Below 25C,200,53.7,36.1,20.3,0.03935,8.51,6.37,2,5
PH10288,Fluoxetine 20mg Capsules 3x10,Corvane Pharma,Pharma,Capsules,Below 25C,100,42.2,31.2,19.2,0.02528,3.85,3.59,6,6
PH10289,Omeprazole 40mg Capsules 60s,Marwick Pharmaceuticals,Pharma,Capsules,Below 25C,100,32.8,39.6,17.6,0.02286,5.97,10.12,7,6
PH10290,Cefalexin 250mg Capsules 10x10,Corvane Pharma,Pharma,Capsules,Below 25C,100,53.9,31.6,25.0,0.04258,7.14,9.4,4,4
PH10291,Omeprazole 40mg Capsules 30s,Marwick Pharmaceuticals,Pharma,Capsules,Below 25C,60,43.7,33.5,25.5,0.03733,5.81,28.49,6,2
PH10292,Iron Folic 150mg Capsules 3x10,Marwick Pharmaceuticals,Pharma,Capsules,Below 25C,120,49.0,33.6,16.7,0.02749,7.62,14.25,6,6
PH10293,Itraconazole 100mg Capsules 3x10,Corvane Pharma,Pharma,Capsules,Below 25C,200,46.4,26.7,21.4,0.02651,5.33,22.13,8,5
PH10294,Pregabalin 150mg Capsules 10x10,Corvane Pharma,Pharma,Capsules,Below 25C,200,32.2,28.8,16.9,0.01567,3.61,15.5,12,5
PH10295,Tamsulosin 400mcg Capsules 2x14,Venrick Laboratories,Pharma,Capsules,Below 25C,200,44.5,34.2,20.0,0.03044,7.63,21.96,6,5
PH10296,Vitamin D3 1000IU Capsules 3x10,Venrick Laboratories,Pharma,Capsules,Below 25C,200,42.7,37.5,25.2,0.04035,7.89,20.73,5,2
PH10297,Amoxicillin 500mg Capsules 30s,Corvane Pharma,Pharma,Capsules,Below 25C,60,31.8,32.6,23.1,0.02395,3.62,3.28,9,5
PH10298,Tamsulosin 400mcg Capsules 10x10,Venrick Laboratories,Pharma,Capsules,Below 25C,120,53.3,35.7,23.3,0.04434,10.46,19.1,4,3
PH10299,Iron Folic 150mg Capsules 30s,Corvane Pharma,Pharma,Capsules,Below 25C,100,37.5,29.4,22.3,0.02459,6.56,18.9,9,4
PH10300,Iron Folic 150mg Capsules 2x14,Corvane Pharma,Pharma,Capsules,Below 25C,200,35.3,25.1,23.2,0.02056,4.79,6.32,9,3
PH10301,Doxycycline 100mg Capsules 2x14,Venrick Laboratories,Pharma,Capsules,Below 25C,100,45.0,36.2,15.5,0.02525,4.6,7.23,6,7
PH10302,Fish Oil Omega-3 1000mg Capsules 3x10,Corvane Pharma,Pharma,Capsules,Below 25C,100,53.9,31.1,17.9,0.03001,7.68,8.0,6,3
PH10303,Omeprazole 40mg Capsules 2x14,Venrick Laboratories,Pharma,Capsules,Below 25C,100,46.8,38.7,20.8,0.03767,7.31,21.44,6,6
PH10304,Omeprazole 20mg Capsules 30s,Venrick Laboratories,Pharma,Capsules,Below 25C,60,42.1,37.7,26.2,0.04158,0.0,14.73,6,2
PH10305,Pregabalin 75mg Capsules 60s,Solandra Health,Pharma,Capsules,Below 25C,60,41.7,29.6,17.6,0.02172,3.37,13.79,8,7
PH10306,Omeprazole 40mg Capsules 10x10,Corvane Pharma,Pharma,Capsules,Below 25C,60,42.7,29.6,26.2,0.3311,6.62,15.0,8,4
PH10307,Vitamin D3 1000IU Capsules 2x14,Corvane Pharma,Pharma,Capsules,Below 25C,200,42.7,29.5,21.2,0.0267,6.15,29.35,8,4
PH10308,Pregabalin 75mg Capsules 10x10,Marwick Pharmaceuticals,Pharma,Capsules,Below 25C,100,42.3,32.3,19.2,0.02623,4.4,15.57,6,3
PH10309,Fluoxetine 20mg Capsules 2x14,Venrick Laboratories,Pharma,Capsules,Below 25C,60,53.6,35.6,24.2,0.04618,8.74,7.05,2,4
PH10310,Amoxicillin 500mg Capsules 60s,Venrick Laboratories,Pharma,Capsules,Below 25C,120,40.2,32.3,25.8,0.0335,7.51,16.24,6,5
PH10311,Gabapentin 300mg Capsules 3x10,Venrick Laboratories,Pharma,Capsules,Below 25C,120,40.3,34.3,21.7,0.03,6.87,10.55,6,5
PH10312,Amoxicillin 250mg Capsules 3x10,Corvane Pharma,Pharma,Capsules,Below 25C,120,38.3,26.8,24.2,0.02484,6.78,12.38,9,3
PH10313,Cefalexin 250mg Capsules 30s,Venrick Laboratories,Pharma,Capsules,Below 25C,100,36.4,29.2,24.6,0.02615,7.14,11.75,7,5
PH10314,Fish Oil Omega-3 1000mg Capsules 30s,Corvane Pharma,Pharma,Capsules,Below 25C,100,31.9,34.0,28.8,0.03124,4.45,27.11,8,3
PH10315,Cefalexin 250mg Capsules 60s,Venrick Laboratories,Pharma,Capsules,Below 25C,200,43.4,36.3,29.9,0.04711,7.13,11.49,6,5
PH10316,Doxycycline 100mg Capsules 30s,Venrick Laboratories,Pharma,Capsules,Below 25C,100,30.9,37.7,26.3,0.03064,6.96,16.08,9,2
PH10317,Omeprazole 20mg Capsules 60s,Corvane Pharma,Pharma,Capsules,Below 25C,200,31.7,39.8,17.8,0.02246,4.33,25.45,9,7
PH10318,Cefalexin 500mg Capsules 10x10,Corvane Pharma,Pharma,Capsules,Below 25C,60,40.5,28.7,22.9,0.02662,7.29,9.08,8,5
PH10319,Cefalexin 500mg Capsules 3x10,Corvane Pharma,Pharma,Capsules,Below 25C,120,50.3,38.8,29.9,0.05835,13.07,17.28,3,3
PH10320,Tamsulosin 400mcg Capsules 3x10,Venrick Laboratories,Pharma,Capsules,Below 25C,60,51.1,26.0,21.8,0.02896,5.44,8.43,6,5
PH10321,Cefalexin 250mg Capsules 2x14,Venrick Laboratories,Pharma,Capsules,Below 25C,120,40.3,27.3,17.5,0.01925,3.07,7.54,8,6
PH10322,Fluoxetine 20mg Capsules 10x10,Marwick Pharmaceuticals,Pharma,Capsules,Below 25C,200,32.3,29.9,23.3,0.0225,5.16,12.55,12,6
PH10323,Amoxicillin 250mg Capsules 60s,Venrick Laboratories,Pharma,Capsules,Below 25C,100,41.1,28.3,25.5,0.02966,7.78,27.11,8,4
PH10324,Omeprazole 20mg Capsules 3x10,Corvane Pharma,Pharma,Capsules,Below 25C,60,48.1,26.3,20.2,0.02555,3.94,9.17,8,5
PH10325,Omeprazole 20mg Capsules 10x10,Venrick Laboratories,Pharma,Capsules,Below 25C,60,41.2,38.0,27.6,0.04321,11.68,9.64,6,4
PH10326,Cefalexin 500mg Capsules 60s,Solandra Health,Pharma,Capsules,Below 25C,100,30.9,29.9,21.6,0.01996,3.03,19.87,12,3
PH10327,Vitamin D3 1000IU Capsules 60s,Venrick Laboratories,Pharma,Capsules,Below 25C,60,40.0,35.5,28.5,0.04047,10.91,28.24,6,2
PH10328,Amoxicillin 250mg Capsules 10x10,Corvane Pharma,Pharma,Capsules,Below 25C,60,46.0,38.3,20.0,0.03524,6.59,15.26,6,3
PH10329,Pregabalin 150mg Capsules 60s,Venrick Laboratories,Pharma,Capsules,Below 25C,120,38.1,28.2,21.6,0.02321,4.31,24.79,9,6
PH10330,Fish Oil Omega-3 1000mg Capsules 60s,Venrick Laboratories,Pharma,Capsules,Below 25C,60,50.8,29.9,27.0,0.04101,8.8,7.66,6,5
PH10331,Cetirizine 5mg/5ml Syrup 200ml,Solandra Health,Pharma,Syrups,Below 25C,36,40.6,24.4,23.4,0.02318,13.92,6.94,8,3
PH10332,Paracetamol 120mg/5ml Syrup 100ml,Solandra Health,Pharma,Syrups,Below 25C,24,34.3,25.5,16.6,0.01452,11.39,3.26,7,7
PH10333,Cough Expectorant Syrup 100ml,Halvora Healthcare,Pharma,Syrups,Below 25C,24,45.0,21.6,19.4,0.01886,14.68,6.47,10,4
PH10334,Multivitamin Syrup 200ml,Halvora Healthcare,Pharma,Syrups,Below 25C,24,40.6,20.4,15.2,0.01259,8.25,8.59,10,7
PH10335,Iron Tonic Syrup 200ml,Solandra Health,Pharma,Syrups,Below 25C,36,33.3,25.7,18.3,0.01566,8.82,4.69,12,7
PH10336,Iron Tonic Syrup 60ml,Solandra Health,Pharma,Syrups,Below 25C,48,40.9,22.5,20.9,0.01923,15.14,5.3,8,6
PH10337,Zinc Sulfate Syrup 100ml,Solandra Health,Pharma,Syrups,Below 25C,60,35.1,28.2,0.0,0.01811,12.1,9.2,7,8
PH10338,Paracetamol 120mg/5ml Syrup 60ml,Halvora Healthcare,Pharma,Syrups,Below 25C,60,30.8,30.3,16.8,0.01568,11.82,3.6,8,0
PH10339,Amoxicillin 125mg/5ml Dry Syrup 60ml,Halvora Healthcare,Pharma,Syrups,Below 25C,24,42.6,21.4,15.1,0.01377,8.79,4.4,10,7
PH10340,Loratadine 5mg/5ml Syrup 200ml,Halvora Healthcare,Pharma,Syrups,Below 25C,60,41.2,29.9,15.9,0.01959,15.04,6.84,6,9
PH10341,Azithromycin 200mg/5ml Suspension 60ml,Solandra Health,Pharma,Syrups,Below 25C,60,38.3,26.0,0.0,0.01703,9.75,10.33,8,5
PH10342,Ibuprofen 100mg/5ml Suspension 60ml,Halvora Healthcare,Pharma,Syrups,Below 25C,36,43.7,26.2,18.2,0.02084,15.91,6.03,8,7
PH10343,Cough Expectorant Syrup 60ml,Halvora Healthcare,Pharma,Syrups,Below 25C,24,33.0,34.9,23.6,0.02718,19.58,8.47,7,3
PH10344,Cetirizine 5mg/5ml Syrup 60ml,Halvora Healthcare,Pharma,Syrups,Below 25C,48,42.4,29.2,19.1,0.02365,15.06,9.19,8,5
PH10345,Lactulose 3.3g/5ml Solution 100ml,Solandra Health,Pharma,Syrups,Below 25C,24,44.9,33.1,17.1,0.02541,19.59,5.42,4,6
PH10346,Salbutamol 2mg/5ml Syrup 200ml,Solandra Health,Pharma,Syrups,Below 25C,36,37.3,22.2,20.0,0.01656,9.5,8.5,12,5
PH10347,Iron Tonic Syrup 100ml,Solandra Health,Pharma,Syrups,Below 25C,36,40.9,33.6,22.6,0.03106,19.95,11.78,6,5
PH10348,Cough Expectorant Syrup 200ml,Solandra Health,Pharma,Syrups,Below 25C,36,34.2,27.0,21.2,0.01958,11.39,10.3,9,3
PH10349,Antacid Oral Suspension 100ml,Halvora Healthcare,Pharma,Syrups,Below 25C,48,40.5,22.2,21.5,0.01933,12.85,4.63,10,4
PH10350,Amoxicillin 125mg/5ml Dry Syrup 200ml,Halvora Healthcare,Pharma,Syrups,Below 25C,48,36.1,24.5,22.4,0.01981,14.05,11.26,10,5
PH10351,Antacid Oral Suspension 200ml,Solandra Health,Pharma,Syrups,Below 25C,24,38.0,33.9,21.1,0.02718,20.82,3.9,6,4
PH10352,Paracetamol 120mg/5ml Syrup 200ml,Halvora Healthcare,Pharma,Syrups,Below 25C,60,37.3,24.3,17.6,0.01595,10.07,3.67,12,6
PH10353,Multivitamin Syrup 60ml,Halvora Healthcare,Pharma,Syrups,Below 25C,60,33.5,25.4,19.0,0.01617,11.05,5.42,8,6
PH10354,Oral Rehydration Solution 200ml,Halvora Healthcare,Pharma,Syrups,Below 25C,60,35.3,30.1,22.5,0.02391,14.92,11.92,9,6
PH10355,Loratadine 5mg/5ml Syrup 100ml,Solandra Health,Pharma,Syrups,Below 25C,36,31.9,32.0,18.0,0.01837,12.97,10.52,9,7
PH10356,Azithromycin 200mg/5ml Suspension 200ml,Solandra Health,Pharma,Syrups,Below 25C,48,42.9,24.8,15.9,0.01692,9.34,9.97,8,6
PH10357,Amoxicillin 125mg/5ml Dry Syrup 100ml,Solandra Health,Pharma,Syrups,Below 25C,60,41.6,31.1,25.0,0.03234,20.73,4.57,6,6
PH10358,Oral Rehydration Solution 60ml,Halvora Healthcare,Pharma,Syrups,Below 25C,60,36.7,20.2,21.1,0.01564,10.25,10.75,10,4
PH10359,Salbutamol 2mg/5ml Syrup 60ml,Solandra Health,Pharma,Syrups,Below 25C,60,38.3,25.7,17.2,0.01693,13.27,10.5,9,8
PH10360,Cetirizine 5mg/5ml Syrup 100ml,Halvora Healthcare,Pharma,Syrups,Below 25C,60,38.2,30.9,17.3,0.02042,13.25,11.51,9,5
PH10361,Antacid Oral Suspension 60ml,Halvora Healthcare,Pharma,Syrups,Below 25C,36,36.6,21.8,18.4,0.01468,11.6,6.71,12,5
PH10362,Salbutamol 2mg/5ml Syrup 100ml,Halvora Healthcare,Pharma,Syrups,Below 25C,24,36.8,20.6,18.6,0.0141,10.93,5.27,12,5
PH10363,Multivitamin Syrup 100ml,Solandra Health,Pharma,Syrups,Below 25C,48,38.0,26.4,21.3,0.02137,14.97,10.88,9,6
PH10364,Loratadine 5mg/5ml Syrup 60ml,Halvora Healthcare,Pharma,Syrups,Below 25C,48,38.9,24.9,15.7,0.01521,9.66,3.72,12,8
PH10365,Ibuprofen 100mg/5ml Suspension 100ml,Solandra Health,Pharma,Syrups,Below 25C,36,35.2,28.4,24.6,0.02459,18.76,6.86,9,2
PH10366,Lactulose 3.3g/5ml Solution 60ml,Halvora Healthcare,Pharma,Syrups,Below 25C,36,34.6,27.1,18.4,0.01725,13.69,8.92,9,0
PH10367,Zinc Sulfate Syrup 200ml,Solandra Health,Pharma,Syrups,Below 25C,48,44.6,27.9,20.7,0.02576,16.09,6.42,8,6
PH10368,Lactulose 3.3g/5ml Solution 200ml,Solandra Health,Pharma,Syrups,Below 25C,48,41.5,28.0,15.4,0.01789,12.94,10.3,8,4
PH10369,Ibuprofen 100mg/5ml Suspension 200ml,Solandra Health,Pharma,Syrups,Below 25C,24,35.2,30.7,17.7,0.01913,11.97,3.12,7,3
PH10370,Zinc Sulfate Syrup 60ml,Halvora Healthcare,Pharma,Syrups,Below 25C,48,35.1,21.2,18.8,0.01399,9.79,7.42,12,4
PH10371,Glucose 4% + NaCl 0.18% IV 250ml Bag,Clearford Infusions,Pharma,IV Fluids,Below 25C,12,50.6,36.5,22.4,0.04137,37.49,5.68,4,6
PH10372,Glucose 4% + NaCl 0.18% IV 1000ml Bag,Clearford Infusions,Pharma,IV Fluids,Below 25C,12,52.5,32.2,22.2,0.03753,32.89,1.96,6,4
PH10373,Compound Sodium Lactate IV 1000ml Bottle,Clearford Infusions,Pharma,IV Fluids,Below 25C,12,45.8,39.1,27.9,0.04996,49.79,5.06,5,3
PH10374,Sodium Chloride 0.45% IV 1000ml Bottle,Clearford Infusions,Pharma,IV Fluids,Below 25C,24,45.2,30.6,27.9,0.03859,36.5,2.49,6,4
PH10375,Dextrose 5% IV 1000ml Bag,Clearford Infusions,Pharma,IV Fluids,Below 25C,24,52.7,30.7,21.3,0.03446,31.21,5.4,4,7
PH10376,Sodium Chloride 0.9% IV 1000ml Bottle,Clearford Infusions,Pharma,IV Fluids,Below 25C,20,45.9,31.4,21.6,0.03113,31.1,3.88,6,5
PH10377,Dextrose 10% IV 250ml Bag,Clearford Infusions,Pharma,IV Fluids,Below 25C,20,45.4,30.2,27.8,0.03812,36.84,4.32,6,4
PH10378,Sodium Chloride 0.9% IV 1000ml Bag,Clearford Infusions,Pharma,IV Fluids,Below 25C,12,48.8,32.6,25.9,0.0412,36.92,4.91,4,5
PH10379,Glucose 4% + NaCl 0.18% IV 500ml Bag,Clearford Infusions,Pharma,IV Fluids,Below 25C,10,45.4,37.3,24.1,0.04081,40.35,5.5,6,3
PH10380,Compound Sodium Lactate IV 1000ml Bag,Clearford Infusions,Pharma,IV Fluids,Below 25C,10,50.2,30.5,28.1,0.04302,36.84,3.24,5,3
PH10381,Dextrose 5% IV 500ml Bag,Clearford Infusions,Pharma,IV Fluids,Below 25C,20,41.5,34.5,20.6,0.02949,27.86,2.29,6,5
PH10382,Glucose 4% + NaCl 0.18% IV 1000ml Bottle,Clearford Infusions,Pharma,IV Fluids,Below 25C,10,42.6,33.6,21.8,0.0312,28.69,3.92,6,3
PH10383,Sodium Chloride 0.45% IV 250ml Bag,Clearford Infusions,Pharma,IV Fluids,Below 25C,24,57.0,39.9,20.7,0.04708,42.85,1.54,3,5
PH10384,Compound Sodium Lactate IV 250ml Bag,Clearford Infusions,Pharma,IV Fluids,Below 25C,20,58.7,33.9,25.1,0.04995,48.91,1.79,4,5
PH10385,Glucose 4% + NaCl 0.18% IV 500ml Bottle,Clearford Infusions,Pharma,IV Fluids,Below 25C,20,40.6,31.8,26.3,0.03396,31.6,5.56,5,4
PH10386,Dextrose 10% IV 1000ml Bottle,Clearford Infusions,Pharma,IV Fluids,Below 25C,10,43.7,34.3,28.4,0.04257,40.95,3.45,6,2
PH10387,Dextrose 10% IV 500ml Bottle,Clearford Infusions,Pharma,IV Fluids,Below 25C,10,55.0,31.3,21.2,0.0365,33.54,3.95,6,4
PH10388,Dextrose 10% IV 1000ml Bag,Clearford Infusions,Pharma,IV Fluids,Below 25C,24,59.8,39.0,25.0,0.0583,52.58,1.74,2,4
PH10389,Sodium Chloride 0.45% IV 500ml Bag,Clearford Infusions,Pharma,IV Fluids,Below 25C,10,42.8,35.1,24.4,0.03666,36.5,1.99,5,4
PH10390,Compound Sodium Lactate IV 500ml Bag,Clearford Infusions,Pharma,IV Fluids,Below 25C,12,45.6,38.4,24.1,0.0422,41.51,2.03,6,4
PH10391,Compound Sodium Lactate IV 500ml Bottle,Clearford Infusions,Pharma,IV Fluids,Below 25C,24,58.6,33.8,28.2,0.05586,50.39,3.7,4,3
PH10392,Sodium Chloride 0.9% IV 500ml Bottle,Clearford Infusions,Pharma,IV Fluids,Below 25C,12,45.2,32.9,20.6,0.03063,28.09,2.72,5,4
PH10393,Dextrose 5% IV 500ml Bottle,Clearford Infusions,Pharma,IV Fluids,Below 25C,12,41.6,35.5,26.9,0.03973,37.6,2.15,6,4
PH10394,Dextrose 10% IV 500ml Bag,Clearford Infusions,Pharma,IV Fluids,Below 25C,20,49.2,35.2,24.1,0.04174,38.83,4.03,6,4
PH10395,Dextrose 5% IV 250ml Bag,Clearford Infusions,Pharma,IV Fluids,Below 25C,12,58.1,32.5,28.3,0.05344,52.24,4.18,6,3
PH10396,Hydrocortisone 100mg Vial 1s,Dunmore Therapeutics,Pharma,Injections,2-8C,50,40.7,34.3,24.3,0.03392,4.96,22.3,6,6
PH10397,Pantoprazole 40mg Vial 10s,Tessaline Biologics,Pharma,Injections,Below 25C,100,30.2,22.1,21.9,0.01462,2.91,11.05,14,3
PH10398,Heparin 5000IU/ml 5ml Vial 10s,Tessaline Biologics,Pharma,Injections,2-8C,200,35.6,25.2,13.2,0.01184,1.85,6.26,7,9
PH10399,Enoxaparin 40mg Prefilled Syringe 1s,Clearford Infusions,Pharma,Injections,Below 25C,100,34.8,31.2,15.4,0.01672,4.03,37.09,9,8
PH10400,Pantoprazole 40mg Vial 1s,Dunmore Therapeutics,Pharma,Injections,Below 25C,200,38.2,23.4,20.4,0.01824,2.23,17.6,12,6
PH10401,Lidocaine 2% 5ml Ampoule 10s,Dunmore Therapeutics,Pharma,Injections,Below 25C,100,26.4,33.9,15.5,0.01387,2.97,38.26,8,5
PH10402,Cefuroxime 750mg Vial 10s,Clearford Infusions,Pharma,Injections,Below 25C,200,33.1,25.5,13.1,0.01106,1.35,28.33,12,6
PH10403,Amikacin 500mg/2ml Vial 5s,Tessaline Biologics,Pharma,Injections,Below 25C,50,30.4,32.7,21.8,0.02167,4.52,38.8,9,5
PH10404,Tramadol 100mg/2ml Ampoule 1s,Dunmore Therapeutics,Pharma,Injections,Below 25C,50,41.8,23.0,12.8,0.01231,1.75,16.94,10,11
PH10405,Metoclopramide 10mg/2ml Ampoule 5s,Dunmore Therapeutics,Pharma,Injections,2-8C,50,38.4,22.5,14.8,0.01279,1.88,7.28,11,4
PH10406,Dexamethasone 4mg/ml Ampoule 5s,Dunmore Therapeutics,Pharma,Injections,2-8C,50,41.9,30.6,13.8,0.01769,3.98,21.27,6,6
PH10407,Pantoprazole 40mg Vial 5s,Dunmore Therapeutics,Pharma,Injections,Below 25C,50,40.6,24.7,17.2,0.01725,4.22,16.3,8,4
PH10408,Tramadol 100mg/2ml Ampoule 5s,Tessaline Biologics,Pharma,Injections,Below 25C,100,32.6,31.1,20.7,0.02099,5.01,28.12,9,4
PH10409,Lidocaine 2% 5ml Ampoule 5s,Clearford Infusions,Pharma,Injections,Below 25C,200,25.7,28.6,18.1,0.0133,2.4,20.51,12,4
PH10410,Ondansetron 4mg/2ml Ampoule 10s,Tessaline Biologics,Pharma,Injections,Below 25C,100,30.5,34.5,20.6,0.02168,4.54,10.58,9,6
PH10411,Cefuroxime 750mg Vial 5s,Dunmore Therapeutics,Pharma,Injections,2-8C,50,27.8,26.7,18.7,0.01388,2.3,29.77,11,5
PH10412,Lidocaine 2% 5ml Ampoule 1s,Dunmore Therapeutics,Pharma,Injections,Below 25C,200,31.3,31.8,20.3,0.02021,3.9,33.68,9,5
PH10413,Metoclopramide 10mg/2ml Ampoule 1s,Dunmore Therapeutics,Pharma,Injections,Below 25C,100,29.4,24.7,21.5,0.01561,3.87,22.14,16,4
PH10414,Furosemide 20mg/2ml Ampoule 5s,Tessaline Biologics,Pharma,Injections,Below 25C,100,42.1,20.3,20.5,0.01752,2.67,25.08,10,4
PH10415,Metoclopramide 10mg/2ml Ampoule 10s,Clearford Infusions,Pharma,Injections,2-8C,50,25.7,27.7,19.2,0.01367,2.68,36.67,12,5
PH10416,Heparin 5000IU/ml 5ml Vial 1s,Tessaline Biologics,Pharma,Injections,Below 25C,200,37.3,28.5,17.0,0.01807,3.7,30.57,9,5
PH10417,Ketorolac 30mg/ml Ampoule 1s,Dunmore Therapeutics,Pharma,Injections,2-8C,50,26.7,34.9,22.3,0.02078,2.92,31.92,9,4
PH10418,Ketorolac 30mg/ml Ampoule 10s,Tessaline Biologics,Pharma,Injections,Below 25C,200,30.9,23.0,16.9,0.01201,2.6,20.65,15,6
PH10419,Dexamethasone 4mg/ml Ampoule 10s,Clearford Infusions,Pharma,Injections,Below 25C,100,33.8,30.2,21.3,0.02174,5.33,11.01,9,5
PH10420,Enoxaparin 40mg Prefilled Syringe 10s,Tessaline Biologics,Pharma,Injections,Below 25C,100,27.4,30.0,15.1,0.01241,2.73,19.72,12,8
PH10421,Heparin 5000IU/ml 5ml Vial 5s,Tessaline Biologics,Pharma,Injections,Below 25C,200,38.4,20.7,18.8,0.01494,2.61,12.49,12,5
PH10422,Amikacin 500mg/2ml Vial 10s,Dunmore Therapeutics,Pharma,Injections,Below 25C,100,34.2,31.7,21.3,0.02309,3.99,38.6,9,6
PH10423,Enoxaparin 40mg Prefilled Syringe 5s,Dunmore Therapeutics,Pharma,Injections,Below 25C,100,41.2,23.9,20.3,0.01999,3.93,18.23,8,6
PH10424,Furosemide 20mg/2ml Ampoule 10s,Dunmore Therapeutics,Pharma,Injections,Below 25C,200,34.9,27.8,13.7,0.01329,3.21,4.27,9,5
PH10425,Dexamethasone 4mg/ml Ampoule 1s,Dunmore Therapeutics,Pharma,Injections,2-8C,100,43.4,22.1,21.5,0.02062,3.02,4.85,8,3
PH10426,Ketorolac 30mg/ml Ampoule 5s,Clearford Infusions,Pharma,Injections,2-8C,100,36.3,31.3,22.7,0.02579,3.22,16.12,9,4
PH10427,Amikacin 500mg/2ml Vial 1s,Dunmore Therapeutics,Pharma,Injections,Below 25C,200,27.2,30.8,18.2,0.01525,3.57,20.48,12,3
PH10428,Hydrocortisone 100mg Vial 5s,Tessaline Biologics,Pharma,Injections,2-8C,100,25.2,22.7,19.8,0.01133,1.53,19.31,16,3
PH10429,Furosemide 20mg/2ml Ampoule 1s,Dunmore Therapeutics,Pharma,Injections,Below 25C,50,26.6,29.7,23.0,0.01817,4.38,37.9,12,3
PH10430,Tramadol 100mg/2ml Ampoule 10s,Tessaline Biologics,Pharma,Injections,Below 25C,200,31.9,31.2,14.6,0.01453,2.26,21.71,8,8
PH10431,Ceftriaxone 1g Vial 10s,Dunmore Therapeutics,Pharma,Injections,Below 25C,200,37.7,32.6,18.0,0.02212,3.69,21.38,9,5
PH10432,Cefuroxime 750mg Vial 1s,Dunmore Therapeutics,Pharma,Injections,Below 25C,200,33.5,28.4,24.8,0.02359,3.2,12.76,9,2
PH10433,Ceftriaxone 1g Vial 5s,Tessaline Biologics,Pharma,Injections,Below 25C,50,43.9,32.8,12.0,0.01728,3.26,16.89,4,9
PH10434,Ceftriaxone 1g Vial 1s,Tessaline Biologics,Pharma,Injections,2-8C,200,41.4,27.5,21.7,0.02471,5.06,16.57,8,4
PH10435,Ondansetron 4mg/2ml Ampoule 5s,Dunmore Therapeutics,Pharma,Injections,Below 25C,200,35.4,21.9,22.2,0.01721,3.01,19.11,12,4
PH10436,Insulin Biphasic 30/70 100IU/ml 10ml Vial,Tessaline Biologics,Pharma,Cold Chain,2-8C,20,29.9,19.9,17.9,0.01065,2.61,82.81,20,7
PH10437,Hepatitis B Vaccine 10mcg Vial,Tessaline Biologics,Pharma,Cold Chain,2-8C,20,36.1,16.3,18.3,0.01077,2.33,49.27,18,6
PH10438,Insulin Isophane 100IU/ml 10ml Vial,Tessaline Biologics,Pharma,Cold Chain,2-8C,50,27.7,27.3,19.3,0.01459,2.85,38.68,11,3
PH10439,Insulin Lispro 100IU/ml 1x3ml Pen,Tessaline Biologics,Pharma,Cold Chain,2-8C,50,39.5,20.5,21.9,0.01773,3.21,74.46,12,5
PH10440,Insulin Aspart 100IU/ml 5x3ml Pen,Tessaline Biologics,Pharma,Cold Chain,2-8C,50,24.9,29.7,23.8,0.0176,4.26,106.56,16,4
PH10441,Rabies Vaccine 1ml Vial,Tessaline Biologics,Pharma,Cold Chain,2-8C,10,32.9,27.6,22.5,0.02043,3.24,29.68,12,5
PH10442,Insulin Lispro 100IU/ml 10ml Vial,Tessaline Biologics,Pharma,Cold Chain,2-8C,10,39.3,27.7,23.5,0.02558,4.87,63.35,9,2
PH10443,Insulin Isophane 100IU/ml 5x3ml Cartridge,Tessaline Biologics,Pharma,Cold Chain,2-8C,50,36.6,23.3,18.9,0.01612,4.81,69.13,10,5
PH10444,Influenza Vaccine 0.5ml PFS,Tessaline Biologics,Pharma,Cold Chain,2-8C,50,33.1,26.9,13.1,0.01166,3.41,66.05,12,5
PH10445,Insulin Glargine 100IU/ml 5x3ml Pen,Tessaline Biologics,Pharma,Cold Chain,2-8C,10,29.7,16.1,23.3,0.01114,2.39,81.54,24,6
PH10446,Insulin Glargine 100IU/ml 5x3ml Cartridge,Tessaline Biologics,Pharma,Cold Chain,2-8C,20,29.9,19.2,11.9,0.00683,1.77,30.94,19,7
PH10447,Insulin Aspart 100IU/ml 10ml Vial,Tessaline Biologics,Pharma,Cold Chain,2-8C,10,31.2,26.6,10.6,0.0088,2.12,83.05,12,12
PH10448,Erythropoietin 4000IU PFS,Tessaline Biologics,Pharma,Cold Chain,2-8C,50,22.3,28.1,16.0,0.01003,1.92,105.59,16,8
PH10449,Insulin Aspart 100IU/ml 5x3ml Cartridge,Tessaline Biologics,Pharma,Cold Chain,2-8C,50,24.3,28.9,14.6,0.01025,2.71,49.97,14,10
PH10450,Insulin Glargine 100IU/ml 1x3ml Pen,Tessaline Biologics,Pharma,Cold Chain,2-8C,20,21.4,20.7,18.2,0.00806,1.92,78.46,19,6
PH10451,Insulin Aspart 100IU/ml 1x3ml Pen,Tessaline Biologics,Pharma,Cold Chain,2-8C,10,34.3,19.5,18.2,0.01217,1.95,84.83,14,6
PH10452,Insulin Lispro 100IU/ml 5x3ml Cartridge,Tessaline Biologics,Pharma,Cold Chain,2-8C,50,23.8,20.9,16.9,0.00841,1.38,46.14,20,8
PH10453,Insulin Biphasic 30/70 100IU/ml 1x3ml Pen,Tessaline Biologics,Pharma,Cold Chain,2-8C,20,34.4,19.6,18.2,0.01227,2.92,21.35,15,4
PH10454,Insulin Isophane 100IU/ml 1x3ml Pen,Tessaline Biologics,Pharma,Cold Chain,2-8C,10,32.6,17.0,0.0,0.01341,2.89,86.38,21,2
PH10455,Tetanus Toxoid Vaccine 0.5ml,Tessaline Biologics,Pharma,Cold Chain,2-8C,50,31.0,29.4,23.3,0.02124,3.73,104.28,11,5
PH10456,Fusidic Acid 2% Cream 30g,Halvora Healthcare,Pharma,Topicals,Below 25C,72,41.8,35.0,24.0,0.03511,10.94,13.63,6,3
PH10457,Miconazole 2% Cream 30g,Solandra Health,Pharma,Topicals,Below 25C,96,44.8,24.3,16.6,0.01807,6.49,4.35,8,5
PH10458,Hydrocortisone 1% Cream 30g,Pellaro Eye & Skin,Pharma,Topicals,Below 25C,72,43.6,21.5,21.7,0.02034,9.34,6.13,10,5
PH10459,Fusidic Acid 2% Cream 50g,Pellaro Eye & Skin,Pharma,Topicals,Below 25C,96,33.8,24.5,20.3,0.01681,5.4,10.53,12,5
PH10460,Emollient Cream 15g,Halvora Healthcare,Pharma,Topicals,Below 25C,72,33.0,23.7,15.3,0.01197,4.09,14.78,15,8
PH10461,Clotrimazole 1% Cream 15g,Pellaro Eye & Skin,Pharma,Topicals,Below 25C,72,43.6,29.8,16.9,0.02196,6.73,6.45,8,8
PH10462,Betamethasone 0.1% Ointment 15g,Solandra Health,Pharma,Topicals,Below 25C,48,33.6,20.7,19.5,0.01356,5.95,9.78,11,7
PH10463,Diclofenac 1% Gel 15g,Pellaro Eye & Skin,Pharma,Topicals,Below 25C,144,36.4,24.7,23.0,0.02068,8.78,14.9,12,4
PH10464,Clotrimazole 1% Cream 30g,Solandra Health,Pharma,Topicals,Below 25C,96,40.9,26.7,23.6,0.02577,8.74,11.75,8,5
PH10465,Calamine Lotion 50g,Pellaro Eye & Skin,Pharma,Topicals,Below 25C,72,32.4,23.9,21.2,0.01642,5.25,10.57,14,4
PH10466,Aciclovir 5% Cream 50g,Pellaro Eye & Skin,Pharma,Topicals,Below 25C,144,39.5,27.4,20.9,0.02262,8.23,6.04,9,5
PH10467,Calamine Lotion 15g,Pellaro Eye & Skin,Pharma,Topicals,Below 25C,72,31.1,31.7,18.3,0.01804,6.6,9.85,9,4
PH10468,Diclofenac 1% Gel 30g,Solandra Health,Pharma,Topicals,Below 25C,96,37.1,23.3,17.5,0.01513,4.84,4.27,12,8
PH10469,Diclofenac 1% Gel 50g,Solandra Health,Pharma,Topicals,Below 25C,72,35.3,29.6,16.2,0.01693,7.08,7.28,9,5
PH10470,Salicylic Acid Ointment 30g,Solandra Health,Pharma,Topicals,Below 25C,96,30.6,32.8,18.3,0.01837,9.14,8.56,8,4
PH10471,Mupirocin 2% Ointment 50g,Solandra Health,Pharma,Topicals,Below 25C,144,38.7,29.2,17.1,0.01932,9.26,11.27,9,8
PH10472,Miconazole 2% Cream 50g,Pellaro Eye & Skin,Pharma,Topicals,Below 25C,48,32.1,21.6,18.8,0.01304,5.32,9.96,15,5
PH10473,Miconazole 2% Cream 15g,Halvora Healthcare,Pharma,Topicals,Below 25C,96,39.1,32.8,0.0,0.03206,15.9,6.11,9,5
PH10474,Salicylic Acid Ointment 50g,Pellaro Eye & Skin,Pharma,Topicals,Below 25C,72,31.1,23.0,18.7,0.01338,0.0,3.29,15,8
PH10475,Betamethasone 0.1% Ointment 30g,Pellaro Eye & Skin,Pharma,Topicals,Below 25C,48,40.6,27.5,17.8,0.01987,8.65,7.37,8,3
PH10476,Betamethasone 0.1% Ointment 50g,Solandra Health,Pharma,Topicals,Below 25C,48,38.1,24.8,22.5,0.02126,7.79,5.55,10,4
PH10477,Salicylic Acid Ointment 15g,Pellaro Eye & Skin,Pharma,Topicals,Below 25C,96,31.7,30.1,23.9,0.0228,9.06,5.87,9,6
PH10478,Emollient Cream 30g,Pellaro Eye & Skin,Pharma,Topicals,Below 25C,96,43.1,29.3,22.6,0.02854,14.06,12.62,8,3
PH10479,Emollient Cream 50g,Solandra Health,Pharma,Topicals,Below 25C,96,40.0,31.9,19.5,0.02488,10.29,13.96,9,5
PH10480,Calamine Lotion 30g,Solandra Health,Pharma,Topicals,Below 25C,48,31.6,23.2,19.5,0.0143,4.58,14.71,15,4
PH10481,Mupirocin 2% Ointment 15g,Pellaro Eye & Skin,Pharma,Topicals,Below 25C,72,41.6,29.3,21.6,0.02633,10.25,14.05,15,5
PH10482,Silver Sulfadiazine 1% Cream 30g,Pellaro Eye & Skin,Pharma,Topicals,Below 25C,96,33.7,23.1,23.5,0.01829,8.51,13.13,11,3
PH10483,Silver Sulfadiazine 1% Cream 15g,Halvora Healthcare,Pharma,Topicals,Below 25C,48,40.2,32.2,23.6,0.03055,14.02,13.26,6,3
PH10484,Hydrocortisone 1% Cream 50g,Solandra Health,Pharma,Topicals,Below 25C,144,39.8,25.8,22.2,0.0228,8.9,13.77,8,4
PH10485,Hydrocortisone 1% Cream 15g,Solandra Health,Pharma,Topicals,Below 25C,72,35.2,26.8,21.4,0.02019,6.35,13.45,12,5
PH10486,Artificial Tears Eye Drops 5ml,Pellaro Eye & Skin,Pharma,Eye Drops,Below 25C,200,33.6,24.7,12.1,0.01004,1.77,13.81,12,7
PH10487,Timolol 0.5% Eye Drops 5ml,Pellaro Eye & Skin,Pharma,Eye Drops,Below 25C,200,34.0,20.3,19.6,0.01353,2.47,16.53,12,4
PH10488,Chloramphenicol 0.5% Eye Drops 5ml,Pellaro Eye & Skin,Pharma,Eye Drops,Below 25C,200,30.8,23.3,16.2,0.01163,0.0,17.73,15,4
PH10489,Ketorolac 0.5% Eye Drops 5ml,Pellaro Eye & Skin,Pharma,Eye Drops,Below 25C,300,37.0,25.3,14.5,0.01357,3.52,26.7,7,6
PH10490,Artificial Tears Eye Drops 10ml,Pellaro Eye & Skin,Pharma,Eye Drops,Below 25C,300,35.2,26.8,13.9,0.01311,2.61,6.96,9,9
PH10491,Ciprofloxacin 0.3% Eye Drops 10ml,Arcadine Pharma,Pharma,Eye Drops,Below 25C,300,25.3,21.6,13.6,0.00743,1.25,17.71,16,11
PH10492,Prednisolone Acetate 1% Eye Drops 5ml,Pellaro Eye & Skin,Pharma,Eye Drops,Below 25C,200,38.1,21.6,10.1,0.00831,2.12,20.42,12,12
PH10493,Prednisolone Acetate 1% Eye Drops 10ml,Pellaro Eye & Skin,Pharma,Eye Drops,Below 25C,200,25.9,27.1,17.3,0.01214,3.31,20.93,12,8
PH10494,Timolol 0.5% Eye Drops 10ml,Pellaro Eye & Skin,Pharma,Eye Drops,Below 25C,100,25.9,28.1,15.6,0.01135,2.79,14.46,12,5
PH10495,Chloramphenicol 0.5% Eye Drops 10ml,Pellaro Eye & Skin,Pharma,Eye Drops,Below 25C,200,36.9,25.5,17.0,0.016,3.8,14.05,7,7
PH10496,Olopatadine 0.1% Eye Drops 5ml,Pellaro Eye & Skin,Pharma,Eye Drops,Below 25C,100,31.9,20.4,11.3,0.00735,1.28,22.4,13,13
PH10497,Latanoprost 0.005% Eye Drops 10ml,Pellaro Eye & Skin,Pharma,Eye Drops,Below 25C,100,32.5,29.0,13.9,0.0131,1.98,16.36,10,10
PH10498,Brimonidine 0.2% Eye Drops 5ml,Pellaro Eye & Skin,Pharma,Eye Drops,Below 25C,100,29.5,24.2,11.7,0.00835,1.7,10.66,16,5
PH10499,Brimonidine 0.2% Eye Drops 10ml,Pellaro Eye & Skin,Pharma,Eye Drops,Below 25C,300,35.5,28.1,13.8,0.01377,3.77,29.65,9,6
PH10500,Ketorolac 0.5% Eye Drops 10ml,Pellaro Eye & Skin,Pharma,Eye Drops,Below 25C,200,32.5,29.8,11.6,0.01123,2.52,4.67,12,9
PH10501,Ciprofloxacin 0.3% Eye Drops 5ml,Pellaro Eye & Skin,Pharma,Eye Drops,Below 25C,100,39.7,21.3,11.1,0.00939,2.24,24.75,10,6
PH10502,Moxifloxacin 0.5% Eye Drops 10ml,Pellaro Eye & Skin,Pharma,Eye Drops,Below 25C,200,39.0,21.5,17.2,0.01442,3.31,5.77,12,0
PH10503,Olopatadine 0.1% Eye Drops 10ml,Arcadine Pharma,Pharma,Eye Drops,Below 25C,300,39.5,29.4,11.0,0.01277,2.15,26.19,9,6
PH10504,Tobramycin 0.3% Eye Drops 10ml,Pellaro Eye & Skin,Pharma,Eye Drops,Below 25C,200,30.4,26.6,15.7,0.0127,3.39,4.39,12,7
PH10505,Latanoprost 0.005% Eye Drops 5ml,Arcadine Pharma,Pharma,Eye Drops,Below 25C,200,31.2,26.6,14.4,0.01195,1.83,17.45,12,10
PH10506,Beclometasone 100mcg Inhaler 120 Dose,Marwick Pharmaceuticals,Pharma,Inhalers,Below 25C,50,48.4,26.3,22.2,0.02826,4.94,15.49,8,6
PH10507,Budesonide 200mcg Inhaler 120 Dose,Marwick Pharmaceuticals,Pharma,Inhalers,Below 25C,100,51.5,27.9,19.6,0.02816,6.16,24.78,4,5
PH10508,Salbutamol 100mcg Inhaler 200 Dose,Marwick Pharmaceuticals,Pharma,Inhalers,Below 25C,100,41.4,29.9,16.1,0.01993,4.59,28.88,8,5
PH10509,Budesonide/Formoterol 200/6mcg Inhaler 120 Dose,Marwick Pharmaceuticals,Pharma,Inhalers,Below 25C,50,45.5,33.0,16.2,0.02432,5.17,27.24,6,6
PH10510,Salbutamol 100mcg Inhaler 120 Dose,Marwick Pharmaceuticals,Pharma,Inhalers,Below 25C,100,46.2,29.0,23.9,0.03202,5.24,12.49,8,3
PH10511,Budesonide 200mcg Inhaler 200 Dose,Marwick Pharmaceuticals,Pharma,Inhalers,Below 25C,50,48.8,25.5,20.9,0.02601,4.9,12.64,7,3
PH10512,Budesonide/Formoterol 200/6mcg Inhaler 200 Dose,Marwick Pharmaceuticals,Pharma,Inhalers,Below 25C,100,42.8,34.8,17.6,0.02621,5.51,24.6,6,7
PH10513,Fluticasone 125mcg Inhaler 200 Dose,Marwick Pharmaceuticals,Pharma,Inhalers,Below 25C,50,40.7,34.2,24.2,0.03368,5.71,18.05,5,2
PH10514,Tiotropium 18mcg Inhaler 200 Dose,Marwick Pharmaceuticals,Pharma,Inhalers,Below 25C,100,49.5,29.0,22.4,0.03216,8.67,30.21,8,4
PH10515,Beclometasone 100mcg Inhaler 200 Dose,Marwick Pharmaceuticals,Pharma,Inhalers,Below 25C,50,48.5,32.6,21.5,0.3399,7.24,13.79,6,6
PH10516,Ipratropium 20mcg Inhaler 200 Dose,Marwick Pharmaceuticals,Pharma,Inhalers,Below 25C,50,41.8,26.1,20.5,0.02237,3.81,11.14,8,3
PH10517,Ipratropium 20mcg Inhaler 120 Dose,Marwick Pharmaceuticals,Pharma,Inhalers,Below 25C,50,53.0,32.0,23.8,0.04036,9.97,15.54,6,5
PH10518,Growing-Up Milk Stage 3 800g Tin,Kinloch Nutrition,Pharma,Nutrition,Below 25C,24,30.8,25.6,23.6,0.01861,8.79,39.68,10,3
PH10519,Diabetic Nutrition Powder 400g Tin,Kinloch Nutrition,Pharma,Nutrition,Ambient,6,44.7,32.9,29.2,0.04294,16.41,17.31,6,3
PH10520,Adult Complete Nutrition Powder 400g Tin,Kinloch Nutrition,Pharma,Nutrition,Ambient,6,39.7,34.2,27.1,0.03679,17.81,29.37,6,3
PH10521,Infant Formula Stage 1 800g Tin,Kinloch Nutrition,Pharma,Nutrition,Below 25C,6,42.4,32.7,29.3,0.04062,18.28,15.91,6,3
PH10522,Infant Formula Stage 1 400g Tin,Kinloch Nutrition,Pharma,Nutrition,Below 25C,24,40.7,29.5,25.0,0.03002,12.74,20.58,8,4
PH10523,Weight Gain Powder 800g Tin,Kinloch Nutrition,Pharma,Nutrition,Ambient,24,39.5,31.0,20.2,0.02473,12.02,38.57,9,7
PH10524,Diabetic Nutrition Powder 800g Tin,Kinloch Nutrition,Pharma,Nutrition,Ambient,24,36.8,27.3,24.0,0.02411,10.86,35.6,9,2
PH10525,Senior Nutrition Powder 400g Tin,Kinloch Nutrition,Pharma,Nutrition,Ambient,6,41.5,29.3,21.1,0.02566,11.12,32.6,8,6
PH10526,Infant Formula Stage 2 800g Tin,Kinloch Nutrition,Pharma,Nutrition,Ambient,6,30.9,28.2,28.6,0.2492,9.83,44.78,12,4
PH10527,Weight Gain Powder 400g Tin,Kinloch Nutrition,Pharma,Nutrition,Ambient,24,42.8,31.0,29.3,0.03888,20.4,38.68,6,4
PH10528,High Protein Supplement 800g Tin,Kinloch Nutrition,Pharma,Nutrition,Below 25C,24,41.3,30.2,26.3,0.0328,14.6,21.93,6,5
PH10529,Senior Nutrition Powder 800g Tin,Kinloch Nutrition,Pharma,Nutrition,Ambient,12,30.5,30.4,26.0,0.02411,11.28,21.28,9,5
PH10530,Adult Complete Nutrition Powder 800g Tin,Kinloch Nutrition,Pharma,Nutrition,Below 25C,12,33.0,30.0,28.7,0.02841,15.0,25.64,12,3
PH10531,Growing-Up Milk Stage 3 400g Tin,Kinloch Nutrition,Pharma,Nutrition,Ambient,6,34.5,32.9,27.5,0.03121,16.63,31.67,9,2
PH10532,High Protein Supplement 400g Tin,Kinloch Nutrition,Pharma,Nutrition,Below 25C,24,35.0,28.6,23.2,0.02322,9.32,37.44,9,4
SG20001,IV Cannula 18G x50,Aldermoor Medical,Surgical,Surgical,Ambient,10,46.0,43.3,33.7,0.06712,8.91,6.3,4,4
SG20002,Syringe Luer Lock 3ml x50,Aldermoor Medical,Surgical,Surgical,Ambient,50,40.7,43.5,28.6,0.05063,8.27,2.17,4,5
SG20003,Syringe Luer Lock 10ml x100,Aldermoor Medical,Surgical,Surgical,Ambient,50,57.0,39.8,43.9,0.09959,8.11,1.79,4,2
SG20004,Adhesive Wound Dressing 9x10cm x100,Aldermoor Medical,Surgical,Surgical,Ambient,10,44.1,30.3,36.3,0.04851,5.7,6.99,6,3
SG20005,Adhesive Wound Dressing 6x7cm x50,Aldermoor Medical,Surgical,Surgical,Ambient,20,44.1,36.9,33.3,0.05419,8.13,7.3,4,4
SG20006,Latex Surgical Gloves Size 7 x100,Aldermoor Medical,Surgical,Surgical,Ambient,100,47.0,31.3,42.3,0.06223,9.97,6.94,6,3
SG20007,Infusion Set Standard x50,Aldermoor Medical,Surgical,Surgical,Ambient,20,57.0,36.1,29.5,0.0607,7.39,3.93,4,3
SG20008,Urinary Catheter 16Fr x100,Aldermoor Medical,Surgical,Surgical,Ambient,50,40.7,32.6,37.9,0.05029,4.08,0.54,5,2
SG20009,Nitrile Examination Gloves Size M x50,Aldermoor Medical,Surgical,Surgical,Ambient,100,45.0,31.7,33.1,0.04722,3.35,0.67,6,3
SG20010,Hypodermic Needle 21G x100,Aldermoor Medical,Surgical,Surgical,Ambient,100,61.6,32.6,27.3,0.05482,4.0,5.77,3,5
SG20011,Hypodermic Needle 21G x50,Aldermoor Medical,Surgical,Surgical,Ambient,20,56.5,35.9,26.6,0.5395,7.71,5.29,3,2
SG20012,Surgical Mask 3-Ply Standard x100,Aldermoor Medical,Surgical,Surgical,Ambient,10,46.0,35.2,39.2,0.06347,10.47,6.79,6,2
SG20013,Syringe Luer Lock 5ml x100,Aldermoor Medical,Surgical,Surgical,Ambient,20,64.3,31.2,31.4,0.06299,7.25,1.29,9,4
SG20014,IV Cannula 22G x100,Aldermoor Medical,Surgical,Surgical,Ambient,50,61.6,36.0,28.5,0.0632,9.31,1.73,3,3
SG20015,Gauze Swab 10x10cm x100,Aldermoor Medical,Surgical,Surgical,Ambient,20,46.3,36.0,32.7,0.0545,7.63,2.22,4,2
SG20016,Urinary Catheter 16Fr x50,Aldermoor Medical,Surgical,Surgical,Ambient,50,46.7,45.0,37.9,0.07965,12.38,0.68,4,2
SG20017,Syringe Luer Lock 3ml x100,Aldermoor Medical,Surgical,Surgical,Ambient,20,60.8,33.7,30.5,0.06249,7.7,3.45,3,2
SG20018,Latex Surgical Gloves Size 7.5 x50,Aldermoor Medical,Surgical,Surgical,Ambient,20,59.8,40.7,34.7,0.08445,7.96,7.5,2,4
SG20019,Nitrile Examination Gloves Size L x50,Aldermoor Medical,Surgical,Surgical,Ambient,50,57.8,30.2,38.7,0.06755,5.64,1.83,6,2
SG20020,Adhesive Wound Dressing 9x10cm x50,Aldermoor Medical,Surgical,Surgical,Ambient,100,57.4,36.6,35.7,0.075,6.42,7.89,4,3
SG20021,Crepe Bandage 10cm x100,Aldermoor Medical,Surgical,Surgical,Ambient,10,40.7,43.1,30.8,0.05403,6.72,0.82,4,2
SG20022,Crepe Bandage 7.5cm x100,Aldermoor Medical,Surgical,Surgical,Ambient,20,55.3,40.6,31.4,0.0705,10.03,3.88,4,4
SG20023,Blood Administration Set 20 drops/ml x100,Aldermoor Medical,Surgical,Surgical,Ambient,10,52.8,30.5,33.2,0.05347,6.45,0.69,5,3
SG20024,Crepe Bandage 7.5cm x50,Aldermoor Medical,Surgical,Surgical,Ambient,100,47.5,31.5,38.4,0.05746,6.65,6.47,6,3
SG20025,Syringe Luer Lock 5ml x50,Aldermoor Medical,Surgical,Surgical,Ambient,20,41.8,35.7,30.0,0.04477,7.0,2.33,4,3
SG20026,Latex Surgical Gloves Size 7.5 x100,Aldermoor Medical,Surgical,Surgical,Ambient,50,53.3,41.6,35.6,0.07894,6.56,3.53,4,4
SG20027,Gauze Swab 10x10cm x50,Aldermoor Medical,Surgical,Surgical,Ambient,50,47.4,35.0,37.4,0.06205,6.53,2.16,6,3
SG20028,IV Cannula 20G x100,Aldermoor Medical,Surgical,Surgical,Ambient,50,55.6,41.0,38.4,0.08754,6.03,6.65,4,1
SG20029,Infusion Set Standard x100,Aldermoor Medical,Surgical,Surgical,Ambient,100,46.4,39.3,43.4,0.07914,13.43,4.12,4,2
SG20030,IV Cannula 18G x100,Aldermoor Medical,Surgical,Surgical,Ambient,20,41.1,33.0,35.4,0.04801,3.74,6.78,6,2
SG20031,Urinary Catheter 14Fr x50,Aldermoor Medical,Surgical,Surgical,Ambient,100,53.1,32.4,41.7,0.07174,12.61,3.68,6,2
SG20032,Hypodermic Needle 23G x100,Aldermoor Medical,Surgical,Surgical,Ambient,50,59.4,39.8,39.5,0.09338,12.19,6.14,2,2
SG20033,Crepe Bandage 10cm x50,Aldermoor Medical,Surgical,Surgical,Ambient,20,56.0,37.6,44.2,0.09307,16.57,5.63,4,2
SG20034,IV Cannula 20G x50,Aldermoor Medical,Surgical,Surgical,Ambient,100,56.0,31.6,40.7,0.07202,6.84,2.88,6,2
SG20035,Gauze Swab 7.5x7.5cm x50,Aldermoor Medical,Surgical,Surgical,Ambient,50,54.3,34.3,41.6,0.07748,6.31,7.62,4,1
SG20036,Gauze Swab 7.5x7.5cm x100,Aldermoor Medical,Surgical,Surgical,Ambient,100,41.0,42.3,36.9,0.064,7.5,6.16,4,4
SG20037,Surgical Mask 3-Ply Standard x50,Aldermoor Medical,Surgical,Surgical,Ambient,10,44.1,34.5,31.0,0.04716,2.97,7.15,6,2
SG20038,Nitrile Examination Gloves Size L x100,Aldermoor Medical,Surgical,Surgical,Ambient,20,64.3,41.0,27.5,0.0725,11.88,3.35,2,2
SG20039,Latex Surgical Gloves Size 8 x50,Aldermoor Medical,Surgical,Surgical,Ambient,100,64.8,31.7,35.2,0.07231,8.68,4.5,3,3
SG20040,Latex Surgical Gloves Size 8 x100,Aldermoor Medical,Surgical,Surgical,Ambient,20,54.1,39.0,26.5,0.05591,4.7,3.86,4,2
SG20041,Nitrile Examination Gloves Size M x100,Aldermoor Medical,Surgical,Surgical,Ambient,50,52.3,40.6,32.0,0.06795,8.41,0.72,4,4
SG20042,Urinary Catheter 14Fr x100,Aldermoor Medical,Surgical,Surgical,Ambient,10,60.5,36.4,28.1,0.06188,10.62,2.17,3,3
SG20043,Latex Surgical Gloves Size 7 x50,Aldermoor Medical,Surgical,Surgical,Ambient,50,62.3,34.5,41.0,0.08812,10.99,2.82,3,2
SG20044,Nitrile Examination Gloves Size S x100,Aldermoor Medical,Surgical,Surgical,Ambient,20,62.2,36.6,44.1,0.10039,9.83,4.38,3,1
SG20045,Hypodermic Needle 23G x50,Aldermoor Medical,Surgical,Surgical,Ambient,50,44.7,41.8,34.2,0.0639,11.29,1.21,2,4
SG20046,Adhesive Wound Dressing 6x7cm x100,Aldermoor Medical,Surgical,Surgical,Ambient,50,45.8,43.1,36.8,0.07264,10.7,5.69,4,4
SG20047,Syringe Luer Lock 10ml x50,Aldermoor Medical,Surgical,Surgical,Ambient,20,56.7,36.6,31.2,0.06475,10.88,1.92,4,2
SG20048,Blood Administration Set 20 drops/ml x50,Aldermoor Medical,Surgical,Surgical,Ambient,50,58.2,34.1,34.0,0.06748,6.25,3.35,4,4
SG20049,Hepatitis B Surface Antigen Test 25 Tests,Quintessa Diagnostics,Surgical,Diagnostics,2-8C,5,34.2,23.1,15.7,0.0124,2.83,274.54,12,9
SG20050,Troponin Rapid Test 100 Tests,Quintessa Diagnostics,Surgical,Diagnostics,Ambient,5,28.3,16.9,15.7,0.00751,0.0,208.67,21,5
SG20051,Dengue NS1 Rapid Test 100 Tests,Quintessa Diagnostics,Surgical,Diagnostics,2-8C,1,24.2,20.0,19.5,0.00944,1.61,215.49,24,7
SG20052,Blood Glucose Test Strips 25 Tests,Quintessa Diagnostics,Surgical,Diagnostics,2-8C,10,28.3,20.5,12.6,0.00731,1.19,80.68,16,10
SG20053,TSH Reagent Kit 25 Tests,Quintessa Diagnostics,Surgical,Diagnostics,Ambient,10,31.8,24.0,14.1,0.01076,2.57,270.48,15,6
SG20054,Pregnancy Test Strips 25 Tests,Quintessa Diagnostics,Surgical,Diagnostics,2-8C,5,21.4,20.7,19.3,0.00855,1.67,143.06,20,5
SG20055,Urine Test Strips 10-Parameter 100 Tests,Quintessa Diagnostics,Surgical,Diagnostics,2-8C,10,24.0,22.5,11.7,0.00632,0.85,151.9,20,11
SG20056,Urine Test Strips 10-Parameter 25 Tests,Quintessa Diagnostics,Surgical,Diagnostics,Ambient,5,34.9,21.5,18.8,0.01411,1.66,232.91,12,3
SG20057,HIV 1/2 Rapid Test 25 Tests,Quintessa Diagnostics,Surgical,Diagnostics,2-8C,10,26.8,23.0,15.4,0.00949,2.06,160.1,14,5
SG20058,Troponin Rapid Test 25 Tests,Quintessa Diagnostics,Surgical,Diagnostics,2-8C,1,33.7,16.5,13.9,0.00773,1.01,47.73,18,7
SG20059,Malaria Antigen Test 100 Tests,Quintessa Diagnostics,Surgical,Diagnostics,2-8C,10,23.2,20.7,14.4,0.00692,1.42,111.26,20,4
SG20060,Blood Glucose Test Strips 100 Tests,Quintessa Diagnostics,Surgical,Diagnostics,Ambient,1,32.5,18.9,16.7,0.01026,1.9,130.86,18,8
SG20061,Dengue NS1 Rapid Test 25 Tests,Quintessa Diagnostics,Surgical,Diagnostics,2-8C,10,21.1,15.5,15.1,0.00494,0.75,292.54,30,5
SG20062,CRP Reagent Kit 100 Tests,Quintessa Diagnostics,Surgical,Diagnostics,2-8C,10,32.7,15.9,16.6,0.00863,1.53,250.14,21,4
SG20063,Hepatitis B Surface Antigen Test 100 Tests,Quintessa Diagnostics,Surgical,Diagnostics,2-8C,5,28.4,22.8,11.4,0.00738,1.5,129.77,16,13
SG20064,HbA1c Reagent Kit 25 Tests,Quintessa Diagnostics,Surgical,Diagnostics,2-8C,1,33.9,18.2,12.7,0.00784,1.12,56.09,15,5
SG20065,Cholesterol Reagent Kit 100 Tests,Quintessa Diagnostics,Surgical,Diagnostics,2-8C,10,26.2,18.5,18.8,0.00911,1.36,200.23,20,6
SG20066,HIV 1/2 Rapid Test 100 Tests,Quintessa Diagnostics,Surgical,Diagnostics,2-8C,10,24.4,15.5,11.0,0.00416,1.04,62.51,28,10
SG20067,TSH Reagent Kit 100 Tests,Quintessa Diagnostics,Surgical,Diagnostics,2-8C,10,33.1,24.0,15.3,0.01215,1.74,42.82,15,7
SG20068,HbA1c Reagent Kit 100 Tests,Quintessa Diagnostics,Surgical,Diagnostics,Ambient,1,22.6,20.5,13.1,0.00607,0.97,225.85,20,8
